/* Generated by tools/icongen.py. Don't edit; run the script. */
#include "icons.h"

static const uint16_t calculation_rle[] = {
    0x0040,0xffff,0x0001,0xf7be,0x0001,0xef7d,0x0001,0xe75d,0x0020,0xe73d,0x0001,0xef5d,0x0001,0xf79e,0x0001,0xffdf,
    0x000f,0xffff,0x0001,0xf79e,0x0001,0xe73d,0x0003,0xe71c,0x001f,0xe71d,0x0003,0xe71c,0x0001,0xe73d,0x0001,0xef7e,
    0x000d,0xffff,0x0001,0xef5d,0x0001,0xe71c,0x0001,0xe71d,0x0026,0xe73d,0x0001,0xe71c,0x0001,0xe73d,0x0001,0xffdf,
    0x000a,0xffff,0x0001,0xef5d,0x0001,0xe71c,0x0029,0xe73d,0x0001,0xe71c,0x0001,0xe73d,0x0001,0xffdf,0x0008,0xffff,
    0x0001,0xef5d,0x0001,0xe71c,0x002b,0xe73d,0x0001,0xe71c,0x0001,0xe73d,0x0007,0xffff,0x0001,0xf79e,0x0001,0xe71c,
    0x002d,0xe73d,0x0001,0xe71c,0x0001,0xef7d,0x0006,0xffff,0x0007,0xe73d,0x0001,0xe71c,0x0021,0xe73d,0x0001,0xe71c,
    0x0006,0xe73d,0x0001,0xe71c,0x0001,0xffdf,0x0004,0xffff,0x0001,0xf7be,0x0001,0xe71c,0x0006,0xe73d,0x0001,0xf79e,
    0x0021,0xffff,0x0001,0xf7be,0x0006,0xe73d,0x0001,0xe71c,0x0001,0xef7e,0x0004,0xffff,0x0001,0xef7d,0x0001,0xe71c,
    0x0004,0xe73d,0x0001,0xe71c,0x0001,0xf79e,0x0023,0xffff,0x0001,0xf7df,0x0001,0xe71c,0x0006,0xe73d,0x0004,0xffff,
    0x0001,0xe75d,0x0006,0xe73d,0x0025,0xffff,0x0001,0xef5d,0x0001,0xe71c,0x0005,0xe73d,0x0001,0xffdf,0x0003,0xffff,
    0x0007,0xe73d,0x000c,0xffff,0x0001,0xe73c,0x0001,0xf7be,0x0009,0xffff,0x0001,0xdedb,0x0001,0xc638,0x0001,0xf7be,
    0x000b,0xffff,0x0001,0xef5d,0x0001,0xe71c,0x0004,0xe73d,0x0001,0xe71c,0x0001,0xffdf,0x0003,0xffff,0x0007,0xe73d,
    0x000a,0xffff,0x0001,0xe71c,0x0001,0x6b6e,0x0001,0x39e8,0x0001,0xc638,0x0003,0xffff,0x0001,0xffdf,0x0001,0xdedb,
    0x0002,0xffdf,0x0001,0xffff,0x0001,0x9cd3,0x0001,0x5aec,0x0001,0x6b4d,0x0001,0x5acc,0x0001,0xef5d,0x000a,0xffff,
    0x0001,0xef5d,0x0001,0xe71c,0x0004,0xe73d,0x0001,0xe71c,0x0001,0xffdf,0x0003,0xffff,0x0007,0xe73d,0x000a,0xffff,
    0x0001,0xf7be,0x0001,0xd6ba,0x0001,0x528a,0x0001,0xbdf8,0x0004,0xffff,0x0001,0x632d,0x0003,0xffff,0x0001,0xd69a,
    0x0001,0xf79e,0x0001,0xffff,0x0001,0x632d,0x0001,0xa514,0x000a,0xffff,0x0001,0xef5d,0x0001,0xe71c,0x0004,0xe73d,
    0x0001,0xe71c,0x0001,0xffdf,0x0003,0xffff,0x0007,0xe73d,0x000c,0xffff,0x0001,0x5acc,0x0001,0xbdf7,0x0002,0xffff,
    0x0001,0xb596,0x0001,0x8c51,0x0001,0x52ab,0x0001,0x8c51,0x0001,0xb596,0x0004,0xffff,0x0001,0x5acc,0x0001,0xc618,
    0x000a,0xffff,0x0001,0xef5d,0x0001,0xe71c,0x0004,0xe73d,0x0001,0xe71c,0x0001,0xffdf,0x0003,0xffff,0x0007,0xe73d,
    0x000b,0xffff,0x0001,0xffdf,0x0001,0x5acb,0x0001,0xbdf7,0x0002,0xffff,0x0001,0xbdd7,0x0001,0x9492,0x0001,0x5acb,
    0x0001,0x9492,0x0001,0xbdd7,0x0001,0xffff,0x0001,0xffdf,0x0001,0xffff,0x0001,0x7bf0,0x0001,0x7bcf,0x000b,0xffff,
    0x0001,0xef5d,0x0001,0xe71c,0x0004,0xe73d,0x0001,0xe71c,0x0001,0xffdf,0x0003,0xffff,0x0007,0xe73d,0x000c,0xffff,
    0x0001,0x5aec,0x0001,0xc638,0x0004,0xffff,0x0001,0x632d,0x0004,0xffff,0x0001,0x8c72,0x0001,0x7bcf,0x000c,0xffff,
    0x0001,0xef5d,0x0001,0xe71c,0x0004,0xe73d,0x0001,0xe71c,0x0001,0xffdf,0x0003,0xffff,0x0007,0xe73d,0x000a,0xffff,
    0x0001,0xad55,0x0001,0x6b6e,0x0001,0x4209,0x0001,0x5acc,0x0001,0x8c72,0x0002,0xffff,0x0001,0xffdf,0x0001,0xdedb,
    0x0001,0xffdf,0x0002,0xffff,0x0001,0x8410,0x0001,0x2946,0x0001,0x7bd0,0x0001,0x6b6e,0x0001,0x94b3,0x000a,0xffff,
    0x0001,0xef5d,0x0001,0xe71c,0x0004,0xe73d,0x0001,0xe71c,0x0001,0xffdf,0x0003,0xffff,0x0007,0xe73d,0x000a,0xffff,
    0x0001,0xdedb,0x0001,0xbdf8,0x0001,0xce7a,0x0001,0xc638,0x0001,0xce79,0x0007,0xffff,0x0001,0xd69a,0x0001,0xce7a,
    0x0001,0xc638,0x0001,0xc618,0x0001,0xd69a,0x000a,0xffff,0x0001,0xef5d,0x0001,0xe71c,0x0004,0xe73d,0x0001,0xe71c,
    0x0001,0xffdf,0x0003,0xffff,0x0006,0xe73d,0x0001,0xe71c,0x0001,0xf7be,0x0023,0xffff,0x0001,0xffdf,0x0006,0xe73d,
    0x0001,0xe71c,0x0001,0xffdf,0x0003,0xffff,0x0008,0xe73d,0x0001,0xf7bf,0x0021,0xffff,0x0001,0xffdf,0x0001,0xef5d,
    0x0001,0xe71c,0x0005,0xe73d,0x0001,0xe71c,0x0001,0xffdf,0x0003,0xffff,0x0007,0xe73d,0x0001,0xe71d,0x0001,0xe71c,
    0x0021,0xef5d,0x0001,0xe73d,0x0001,0xe71c,0x0006,0xe73d,0x0001,0xe71c,0x0001,0xffdf,0x0003,0xffff,0x0009,0xe73d,
    0x0022,0xe71c,0x0007,0xe73d,0x0001,0xe71c,0x0001,0xffdf,0x0003,0xffff,0x0007,0xe73d,0x0001,0xe71c,0x0009,0xe73d,
    0x0001,0xe71c,0x0002,0xe73d,0x0001,0xe71c,0x0009,0xe73d,0x0001,0xe71c,0x0002,0xe73d,0x0001,0xe71c,0x0009,0xe73d,
    0x0001,0xe71c,0x0006,0xe73d,0x0001,0xe71c,0x0001,0xffdf,0x0003,0xffff,0x0006,0xe73d,0x0001,0xe71c,0x0001,0xef5d,
    0x0001,0xe73d,0x0001,0xd6db,0x0005,0xdedb,0x0001,0xd6db,0x0001,0xdefc,0x0001,0xef5d,0x0001,0xe73d,0x0001,0xe71c,
    0x0001,0xef5d,0x0001,0xe73d,0x0001,0xd6db,0x0005,0xdedb,0x0001,0xd6db,0x0001,0xdefc,0x0001,0xef5d,0x0001,0xe73d,
    0x0001,0xe71c,0x0001,0xef5d,0x0001,0xe73d,0x0001,0xd6db,0x0005,0xdedb,0x0001,0xd6db,0x0001,0xdefc,0x0001,0xef5d,
    0x0001,0xe71c,0x0005,0xe73d,0x0001,0xe71c,0x0001,0xffdf,0x0003,0xffff,0x0005,0xe73d,0x0001,0xe71c,0x0001,0xef5d,
    0x0001,0xc659,0x0001,0x634e,0x0001,0x52cc,0x0001,0x5aed,0x0005,0x5aec,0x0001,0x5aed,0x0001,0xad76,0x0001,0xef5d,
    0x0001,0xe75d,0x0001,0xc659,0x0001,0x634e,0x0001,0x52cc,0x0001,0x5aed,0x0005,0x5aec,0x0001,0x5aed,0x0001,0xad76,
    0x0001,0xef5d,0x0001,0xe75d,0x0001,0xc659,0x0001,0x634e,0x0001,0x52cc,0x0001,0x5aed,0x0005,0x5aec,0x0001,0x5aed,
    0x0001,0xad76,0x0001,0xef5d,0x0001,0xe71c,0x0004,0xe73d,0x0001,0xe71c,0x0001,0xffdf,0x0003,0xffff,0x0006,0xe73d,
    0x0001,0xe73c,0x0001,0x634e,0x0001,0x424a,0x0007,0x4a8b,0x0002,0x4a6b,0x0001,0xce7a,0x0001,0xe75d,0x0001,0x632e,
    0x0001,0x424a,0x0007,0x4a8b,0x0002,0x4a6b,0x0001,0xce7a,0x0001,0xe75d,0x0001,0x632e,0x0001,0x424a,0x0007,0x4a8b,
    0x0002,0x4a6b,0x0001,0xce7a,0x0001,0xe75d,0x0001,0xe71c,0x0003,0xe73d,0x0001,0xe71c,0x0001,0xffdf,0x0003,0xffff,
    0x0004,0xe73d,0x0001,0xe71c,0x0001,0xe73d,0x0001,0xd6db,0x0001,0x52cc,0x0001,0x4a8b,0x0006,0x4aab,0x0001,0x4a8b,
    0x0001,0x52ac,0x0001,0x426a,0x0001,0xbdf8,0x0001,0xdf1c,0x0001,0x52cc,0x0001,0x4a8b,0x0006,0x4aab,0x0001,0x4a8b,
    0x0001,0x52ac,0x0001,0x426a,0x0001,0xbdf8,0x0001,0xdf1c,0x0001,0x52cc,0x0001,0x4a8b,0x0006,0x4aab,0x0001,0x4a8b,
    0x0001,0x52ac,0x0001,0x426b,0x0001,0xbdf8,0x0001,0xef7d,0x0001,0xe71c,0x0003,0xe73d,0x0001,0xe71c,0x0001,0xffdf,
    0x0003,0xffff,0x0004,0xe73d,0x0001,0xe71c,0x0001,0xe73d,0x0001,0xdedb,0x0001,0x5aed,0x0001,0x4a8b,0x0001,0x4aab,
    0x0006,0x4a8b,0x0001,0x4aab,0x0001,0x426a,0x0001,0xbe18,0x0001,0xe71c,0x0001,0x52ec,0x0001,0x4a8b,0x0001,0x4aab,
    0x0006,0x4a8b,0x0001,0x4aab,0x0001,0x426a,0x0001,0xbe18,0x0001,0xe71c,0x0001,0x52ec,0x0001,0x4a8b,0x0001,0x4aab,
    0x0006,0x4a8b,0x0001,0x4aab,0x0001,0x426b,0x0001,0xbe18,0x0001,0xef7d,0x0001,0xe71c,0x0003,0xe73d,0x0001,0xe71c,
    0x0001,0xffdf,0x0003,0xffff,0x0004,0xe73d,0x0001,0xe71c,0x0001,0xe73d,0x0001,0xdedb,0x0001,0x5aec,0x0001,0x4a8b,
    0x0001,0x4aab,0x0006,0x4a8b,0x0001,0x4aab,0x0001,0x426a,0x0001,0xbe18,0x0001,0xe71c,0x0001,0x52cc,0x0001,0x4a8b,
    0x0001,0x4aab,0x0006,0x4a8b,0x0001,0x4aab,0x0001,0x426a,0x0001,0xbe18,0x0001,0xe71c,0x0001,0x52cc,0x0001,0x4a8b,
    0x0001,0x4aab,0x0006,0x4a8b,0x0001,0x4aab,0x0001,0x426b,0x0001,0xbdf8,0x0001,0xef7d,0x0001,0xe71c,0x0003,0xe73d,
    0x0001,0xe71c,0x0001,0xffdf,0x0003,0xffff,0x0004,0xe73d,0x0001,0xe71c,0x0001,0xe73d,0x0001,0xdedb,0x0001,0x5aec,
    0x0001,0x4a8b,0x0001,0x4aab,0x0006,0x4a8b,0x0001,0x4aab,0x0001,0x426a,0x0001,0xbe18,0x0001,0xe71c,0x0001,0x52cc,
    0x0001,0x4a8b,0x0001,0x4aab,0x0006,0x4a8b,0x0001,0x4aab,0x0001,0x426a,0x0001,0xbe18,0x0001,0xe71c,0x0001,0x52cc,
    0x0001,0x4a8b,0x0001,0x4aab,0x0006,0x4a8b,0x0001,0x4aab,0x0001,0x426b,0x0001,0xbdf8,0x0001,0xef7d,0x0001,0xe71c,
    0x0003,0xe73d,0x0001,0xe71c,0x0001,0xffdf,0x0003,0xffff,0x0004,0xe73d,0x0001,0xe71c,0x0001,0xe73d,0x0001,0xd6db,
    0x0001,0x5aec,0x0001,0x4a8b,0x0001,0x4aab,0x0006,0x4a8b,0x0001,0x4aab,0x0001,0x4a6b,0x0001,0xbe18,0x0001,0xdf1c,
    0x0001,0x52cc,0x0001,0x4a8b,0x0001,0x4aab,0x0006,0x4a8b,0x0001,0x4aab,0x0001,0x4a6b,0x0001,0xbe18,0x0001,0xdf1c,
    0x0001,0x52cc,0x0001,0x4a8b,0x0001,0x4aab,0x0006,0x4a8b,0x0001,0x4aab,0x0001,0x4a6b,0x0001,0xbdf8,0x0001,0xef7d,
    0x0001,0xe71c,0x0003,0xe73d,0x0001,0xe71c,0x0001,0xffdf,0x0003,0xffff,0x0004,0xe73d,0x0001,0xe71c,0x0001,0xe73d,
    0x0001,0xdf1c,0x0001,0x5aed,0x0001,0x4a6b,0x0001,0x52ac,0x0005,0x4aab,0x0001,0x52ac,0x0001,0x4aab,0x0001,0x424a,
    0x0001,0xc639,0x0001,0xe73d,0x0001,0x52ec,0x0001,0x4a6b,0x0001,0x52ac,0x0005,0x4aab,0x0001,0x52ac,0x0001,0x4aab,
    0x0001,0x424a,0x0001,0xc639,0x0001,0xe73d,0x0001,0x52ec,0x0001,0x4a6b,0x0001,0x52ac,0x0005,0x4aab,0x0001,0x52ac,
    0x0001,0x4aab,0x0001,0x424a,0x0001,0xc639,0x0001,0xef5d,0x0001,0xe71c,0x0003,0xe73d,0x0001,0xe71c,0x0001,0xffdf,
    0x0003,0xffff,0x0005,0xe73d,0x0001,0xe71c,0x0001,0xef5d,0x0001,0xad76,0x0001,0x4a8b,0x0001,0x426b,0x0001,0x4a6b,
    0x0003,0x426b,0x0002,0x4a6b,0x0001,0x424a,0x0001,0x8c93,0x0001,0xe73d,0x0001,0xef5d,0x0001,0xad76,0x0001,0x4a8b,
    0x0001,0x426b,0x0001,0x4a6b,0x0003,0x426b,0x0002,0x4a6b,0x0001,0x424a,0x0001,0x8c93,0x0001,0xe73d,0x0001,0xef5d,
    0x0001,0xad76,0x0001,0x4a8b,0x0001,0x426b,0x0001,0x4a6b,0x0003,0x426b,0x0002,0x4a6b,0x0001,0x424a,0x0001,0x8c93,
    0x0001,0xe75d,0x0001,0xe71c,0x0004,0xe73d,0x0001,0xe71c,0x0001,0xffdf,0x0003,0xffff,0x0006,0xe73d,0x0001,0xe71c,
    0x0001,0xef5d,0x0001,0xce7a,0x0007,0xbdf8,0x0001,0xc639,0x0001,0xe75d,0x0001,0xe73d,0x0001,0xe71c,0x0001,0xef5d,
    0x0001,0xce7a,0x0007,0xbdf8,0x0001,0xc639,0x0001,0xe75d,0x0001,0xe73d,0x0001,0xe71c,0x0001,0xef5d,0x0001,0xce7a,
    0x0007,0xbdf8,0x0001,0xc639,0x0001,0xe75d,0x0006,0xe73d,0x0001,0xe71c,0x0001,0xffdf,0x0003,0xffff,0x0007,0xe73d,
    0x0001,0xdf1c,0x0001,0xe75d,0x0008,0xef7e,0x0001,0xdf1c,0x0002,0xe73d,0x0001,0xdf1c,0x0001,0xe75d,0x0008,0xef7e,
    0x0001,0xdf1c,0x0002,0xe73d,0x0001,0xe71c,0x0001,0xe75d,0x0007,0xef7e,0x0001,0xef5e,0x0001,0xe71c,0x0006,0xe73d,
    0x0001,0xe71c,0x0001,0xffdf,0x0003,0xffff,0x0006,0xe73d,0x0001,0xe71c,0x0001,0xef5d,0x0001,0xe71c,0x0001,0xd6bb,
    0x0006,0xd6db,0x0001,0xdefc,0x0001,0xef5d,0x0001,0xe73d,0x0001,0xe71c,0x0001,0xef5d,0x0001,0xe71c,0x0001,0xd6bb,
    0x0006,0xd6db,0x0001,0xdefc,0x0001,0xef5d,0x0001,0xe71d,0x0001,0xe73c,0x0001,0xe73d,0x0001,0xe71c,0x0007,0xe6fb,
    0x0001,0xe71c,0x0001,0xe73e,0x0001,0xe73c,0x0005,0xe73d,0x0001,0xe71c,0x0001,0xffdf,0x0003,0xffff,0x0005,0xe73d,
    0x0001,0xe71c,0x0001,0xef5d,0x0001,0xc659,0x0001,0x634e,0x0001,0x52cc,0x0001,0x5aed,0x0005,0x5aec,0x0001,0x5aed,
    0x0001,0xad76,0x0001,0xef5d,0x0001,0xe75d,0x0001,0xc659,0x0001,0x634e,0x0001,0x52cc,0x0001,0x5aed,0x0005,0x5aec,
    0x0001,0x5aed,0x0001,0xad76,0x0001,0xef5d,0x0001,0xdf3d,0x0001,0xeed8,0x0001,0xfde9,0x0001,0xfdc7,0x0005,0xfdc8,
    0x0001,0xfdc7,0x0001,0xfdc8,0x0001,0xee94,0x0001,0xe73e,0x0001,0xe73c,0x0004,0xe73d,0x0001,0xe71c,0x0001,0xffdf,
    0x0003,0xffff,0x0006,0xe73d,0x0001,0xe73c,0x0001,0x634e,0x0001,0x424a,0x0007,0x4a8b,0x0002,0x4a6b,0x0001,0xce7a,
    0x0001,0xe75d,0x0001,0x632e,0x0001,0x424a,0x0007,0x4a8b,0x0002,0x4a6b,0x0001,0xce7a,0x0001,0xe75d,0x0001,0xfde9,
    0x0001,0xfda4,0x0007,0xfda6,0x0001,0xfda5,0x0001,0xfda6,0x0001,0xe6f9,0x0001,0xe73d,0x0001,0xe73c,0x0003,0xe73d,
    0x0001,0xe71c,0x0001,0xffdf,0x0003,0xffff,0x0004,0xe73d,0x0001,0xe71c,0x0001,0xe73d,0x0001,0xd6db,0x0001,0x52cc,
    0x0001,0x4a8b,0x0006,0x4aab,0x0001,0x4a8b,0x0001,0x52ac,0x0001,0x426a,0x0001,0xbdf8,0x0001,0xdf1c,0x0001,0x52cc,
    0x0001,0x4a8b,0x0006,0x4aab,0x0001,0x4a8b,0x0001,0x52ac,0x0001,0x426a,0x0001,0xbdf8,0x0001,0xef5c,0x0001,0xfda7,
    0x0008,0xfda6,0x0001,0xfda7,0x0001,0xfda5,0x0001,0xeeb6,0x0001,0xe73e,0x0001,0xe71c,0x0003,0xe73d,0x0001,0xe71c,
    0x0001,0xffdf,0x0003,0xffff,0x0004,0xe73d,0x0001,0xe71c,0x0001,0xe73d,0x0001,0xdedb,0x0001,0x5aed,0x0001,0x4a8b,
    0x0001,0x4aab,0x0006,0x4a8b,0x0001,0x4aab,0x0001,0x426a,0x0001,0xbe18,0x0001,0xe71c,0x0001,0x52ec,0x0001,0x4a8b,
    0x0001,0x4aab,0x0006,0x4a8b,0x0001,0x4aab,0x0001,0x426a,0x0001,0xbe19,0x0001,0xef5c,0x0001,0xfdc7,0x0009,0xfda6,
    0x0001,0xfda5,0x0001,0xeed7,0x0001,0xe73e,0x0001,0xe71c,0x0003,0xe73d,0x0001,0xe71c,0x0001,0xffdf,0x0003,0xffff,
    0x0004,0xe73d,0x0001,0xe71c,0x0001,0xe73d,0x0001,0xdedb,0x0001,0x5aec,0x0001,0x4a8b,0x0001,0x4aab,0x0006,0x4a8b,
    0x0001,0x4aab,0x0001,0x426a,0x0001,0xbe18,0x0001,0xe71c,0x0001,0x52cc,0x0001,0x4a8b,0x0001,0x4aab,0x0006,0x4a8b,
    0x0001,0x4aab,0x0001,0x426a,0x0001,0xbe19,0x0001,0xef5c,0x0001,0xfdc7,0x0009,0xfda6,0x0001,0xfda5,0x0001,0xeed7,
    0x0001,0xe73e,0x0001,0xe71c,0x0003,0xe73d,0x0001,0xe71c,0x0001,0xffdf,0x0003,0xffff,0x0004,0xe73d,0x0001,0xe71c,
    0x0001,0xe73d,0x0001,0xdedb,0x0001,0x5aec,0x0001,0x4a8b,0x0001,0x4aab,0x0006,0x4a8b,0x0001,0x4aab,0x0001,0x426a,
    0x0001,0xbe18,0x0001,0xe71c,0x0001,0x52cc,0x0001,0x4a8b,0x0001,0x4aab,0x0006,0x4a8b,0x0001,0x4aab,0x0001,0x426a,
    0x0001,0xbe19,0x0001,0xef5c,0x0001,0xfdc7,0x0009,0xfda6,0x0001,0xfda5,0x0001,0xeed7,0x0001,0xe73e,0x0001,0xe71c,
    0x0003,0xe73d,0x0001,0xe71c,0x0001,0xffdf,0x0003,0xffff,0x0004,0xe73d,0x0001,0xe71c,0x0001,0xe73d,0x0001,0xd6db,
    0x0001,0x5aec,0x0001,0x4a8b,0x0001,0x4aab,0x0006,0x4a8b,0x0001,0x4aab,0x0001,0x4a6b,0x0001,0xbe18,0x0001,0xdf1c,
    0x0001,0x52cc,0x0001,0x4a8b,0x0001,0x4aab,0x0006,0x4a8b,0x0001,0x4aab,0x0001,0x4a6b,0x0001,0xbdf8,0x0001,0xef5c,
    0x0001,0xfdc7,0x0009,0xfda6,0x0001,0xfda5,0x0001,0xeed7,0x0001,0xe73e,0x0001,0xe71c,0x0003,0xe73d,0x0001,0xe71c,
    0x0001,0xf7bf,0x0002,0xffff,0x0001,0xffdf,0x0001,0xdefc,0x0003,0xe73d,0x0001,0xe71c,0x0001,0xe73d,0x0001,0xdf1c,
    0x0001,0x5aed,0x0001,0x4a6b,0x0001,0x52ac,0x0005,0x4aab,0x0001,0x52ac,0x0001,0x4aab,0x0001,0x424a,0x0001,0xc639,
    0x0001,0xe73d,0x0001,0x52ec,0x0001,0x4a6b,0x0001,0x52ac,0x0005,0x4aab,0x0001,0x52ac,0x0001,0x4aab,0x0001,0x424a,
    0x0001,0xc639,0x0001,0xef5d,0x0001,0xfdc8,0x0001,0xfda5,0x0001,0xfdc7,0x0007,0xfda6,0x0001,0xfda5,0x0001,0xeed8,
    0x0001,0xe73e,0x0001,0xe71c,0x0003,0xe73d,0x0001,0xdefc,0x0001,0xf79e,0x0002,0xffff,0x0001,0xffdf,0x0001,0xdedb,
    0x0004,0xe73d,0x0001,0xe71c,0x0001,0xef5d,0x0001,0xad76,0x0001,0x4a8b,0x0001,0x426b,0x0001,0x4a6b,0x0003,0x426b,
    0x0002,0x4a6b,0x0001,0x424a,0x0001,0x8c93,0x0001,0xe73d,0x0001,0xef5d,0x0001,0xad76,0x0001,0x4a8b,0x0001,0x426b,
    0x0001,0x4a6b,0x0003,0x426b,0x0002,0x4a6b,0x0001,0x424a,0x0001,0x8c93,0x0001,0xe75d,0x0001,0xe73e,0x0001,0xee94,
    0x0001,0xfda6,0x0008,0xfda5,0x0001,0xf64f,0x0001,0xe73d,0x0001,0xe73c,0x0004,0xe73d,0x0001,0xdedb,0x0001,0xf79e,
    0x0003,0xffff,0x0001,0xdedb,0x0001,0xdf1c,0x0004,0xe73d,0x0001,0xe71c,0x0001,0xef5d,0x0001,0xce7a,0x0007,0xbdf8,
    0x0001,0xc639,0x0001,0xe75d,0x0001,0xe73d,0x0001,0xe71c,0x0001,0xef5d,0x0001,0xce7a,0x0007,0xbdf8,0x0001,0xc639,
    0x0001,0xe75d,0x0001,0xe73d,0x0001,0xe71c,0x0001,0xe73e,0x0001,0xe6f9,0x0001,0xeed6,0x0006,0xeed7,0x0001,0xeed8,
    0x0007,0xe73d,0x0001,0xd6bb,0x0001,0xffdf,0x0003,0xffff,0x0001,0xe71c,0x0001,0xd6bb,0x0005,0xe73d,0x0001,0xe71c,
    0x0001,0xe75d,0x0001,0xef7e,0x0005,0xef7d,0x0001,0xef7e,0x0001,0xef5d,0x0001,0xe71c,0x0002,0xe73d,0x0001,0xe71c,
    0x0001,0xe75d,0x0001,0xef7e,0x0005,0xef7d,0x0001,0xef7e,0x0001,0xef5d,0x0001,0xe71c,0x0002,0xe73d,0x0001,0xe73c,
    0x0001,0xe73d,0x0008,0xe73e,0x0001,0xe73c,0x0005,0xe73d,0x0001,0xdefc,0x0001,0xd6db,0x0004,0xffff,0x0001,0xf7be,
    0x0001,0xc659,0x0001,0xdf1c,0x0005,0xe73d,0x0009,0xe71c,0x0004,0xe73d,0x0009,0xe71c,0x0004,0xe73d,0x0001,0xe73c,
    0x0007,0xe71c,0x0001,0xe73c,0x0006,0xe73d,0x0001,0xce59,0x0001,0xef5d,0x0005,0xffff,0x0001,0xdedb,0x0001,0xc659,
    0x002d,0xe73d,0x0001,0xce9a,0x0001,0xce7a,0x0006,0xffff,0x0001,0xffdf,0x0001,0xce7a,0x0001,0xce59,0x0001,0xe71c,
    0x002a,0xe73d,0x0001,0xd69a,0x0001,0xc639,0x0001,0xf7be,0x0007,0xffff,0x0001,0xf7be,0x0002,0xc659,0x0001,0xdefc,
    0x0027,0xe73d,0x0001,0xdf1c,0x0001,0xce7a,0x0001,0xc618,0x0001,0xef5d,0x0009,0xffff,0x0001,0xf7be,0x0001,0xce59,
    0x0001,0xc639,0x0001,0xce9a,0x0001,0xdedb,0x0001,0xdf1c,0x0021,0xe73d,0x0001,0xe71c,0x0001,0xdefc,0x0001,0xd69a,
    0x0002,0xc639,0x0001,0xef5d,0x000b,0xffff,0x0001,0xffdf,0x0001,0xd6bb,0x0001,0xc639,0x0001,0xc618,0x0001,0xc639,
    0x0001,0xce7a,0x0001,0xce9a,0x001d,0xce7a,0x0001,0xce9a,0x0001,0xce7a,0x0001,0xc659,0x0001,0xc619,0x0001,0xc618,
    0x0001,0xce9a,0x0001,0xf79e,0x000e,0xffff,0x0001,0xf79e,0x0001,0xdefb,0x0001,0xce7a,0x0001,0xc659,0x0020,0xc639,
    0x0001,0xce7a,0x0001,0xd6db,0x0001,0xef5d,0x0013,0xffff,0x0001,0xf7be,0x0001,0xef9e,0x001d,0xf79e,0x0001,0xef9e,
    0x0001,0xf79e,0x000b,0xffff,
};
const icon_t icon_calculation = { 1114, calculation_rle };

static const uint16_t functions_rle[] = {
    0x0040,0xffff,0x0001,0xffdf,0x0001,0xf7be,0x0021,0xf79e,0x0001,0xf7be,0x0001,0xffdf,0x0010,0xffff,0x0001,0xffdf,
    0x0001,0xf79e,0x0003,0xef9e,0x0020,0xf79e,0x0002,0xef9e,0x0001,0xf79e,0x0001,0xf7be,0x000d,0xffff,0x0001,0xf7be,
    0x0001,0xef9e,0x0027,0xf79e,0x0001,0xef9e,0x0001,0xf79e,0x000b,0xffff,0x0001,0xf7be,0x0001,0xef9e,0x0029,0xf79e,
    0x0001,0xef9e,0x0001,0xf79e,0x0009,0xffff,0x0001,0xf7be,0x0001,0xef9e,0x002b,0xf79e,0x0001,0xef9e,0x0001,0xf79e,
    0x0007,0xffff,0x0001,0xffdf,0x0001,0xef9e,0x002d,0xf79e,0x0001,0xef9e,0x0001,0xf7be,0x0006,0xffff,0x0030,0xf79e,
    0x0001,0xef9e,0x0001,0xffdf,0x0004,0xffff,0x0001,0xffdf,0x0001,0xef9e,0x000a,0xf79e,0x0001,0xef7e,0x0001,0xef5d,
    0x0023,0xf79e,0x0001,0xef9e,0x0001,0xf7be,0x0004,0xffff,0x0001,0xf7be,0x0001,0xef9e,0x0008,0xf79e,0x0001,0xef9e,
    0x0001,0xf7df,0x0001,0xc639,0x0001,0x9cf4,0x0001,0xef7d,0x0024,0xf79e,0x0004,0xffff,0x000a,0xf79e,0x0001,0xef9e,
    0x0001,0xf7df,0x0001,0xc619,0x0001,0x94d4,0x0001,0xef7d,0x0024,0xf79e,0x0004,0xffff,0x000a,0xf79e,0x0001,0xef9e,
    0x0001,0xf7df,0x0001,0xc639,0x0001,0x94d4,0x0001,0xef7d,0x0001,0xf7bf,0x0001,0xefbf,0x0001,0xef9f,0x0002,0xefbf,
    0x001e,0xf79e,0x0001,0xef9e,0x0001,0xffdf,0x0003,0xffff,0x000a,0xf79e,0x0001,0xef9e,0x0001,0xf7df,0x0001,0xc639,
    0x0001,0x94d4,0x0001,0xef9f,0x0001,0xf75a,0x0001,0xfe6f,0x0002,0xfe2c,0x0001,0xfe92,0x0001,0xf77d,0x0001,0xefbf,
    0x001c,0xf79e,0x0001,0xef9e,0x0001,0xffdf,0x0003,0xffff,0x000a,0xf79e,0x0001,0xef9e,0x0001,0xf7df,0x0001,0xc639,
    0x0001,0x94d4,0x0001,0xf692,0x0001,0xfdc6,0x0001,0xfd84,0x0002,0xfda5,0x0001,0xfd84,0x0001,0xfde8,0x0001,0xf717,
    0x0001,0xef9f,0x001b,0xf79e,0x0001,0xef9e,0x0001,0xffdf,0x0003,0xffff,0x000a,0xf79e,0x0001,0xef9e,0x0001,0xffde,
    0x0001,0xbe1a,0x0001,0xbcee,0x0001,0xfda5,0x0001,0xfda6,0x0004,0xfdc7,0x0001,0xfda6,0x0001,0xfd85,0x0001,0xf6f6,
    0x0001,0xefbf,0x001a,0xf79e,0x0001,0xef9e,0x0001,0xffdf,0x0003,0xffff,0x000b,0xf79e,0x0001,0xf7bf,0x0001,0xe675,
    0x0001,0xfd84,0x0001,0xfdc7,0x0001,0xfda6,0x0002,0xfda5,0x0001,0xfda6,0x0001,0xfdc7,0x0002,0xfda6,0x0001,0xfdc7,
    0x0001,0xf73a,0x0001,0xef9f,0x0019,0xf79e,0x0001,0xef9e,0x0001,0xffdf,0x0003,0xffff,0x000b,0xf79e,0x0001,0xf77d,
    0x0001,0xfdea,0x0002,0xfda6,0x0001,0xfdc7,0x0001,0xfe0a,0x0001,0xf6f7,0x0001,0xf6d4,0x0001,0xfda5,0x0001,0xfda6,
    0x0001,0xfdc7,0x0001,0xfda5,0x0001,0xfe4d,0x0001,0xef9f,0x0019,0xf79e,0x0001,0xef9e,0x0001,0xffdf,0x0003,0xffff,
    0x000a,0xf79e,0x0001,0xefbf,0x0001,0xf6b3,0x0001,0xfd84,0x0001,0xfdc6,0x0001,0xfdc8,0x0001,0xfda5,0x0001,0xf739,
    0x0002,0xefbf,0x0001,0xf6d4,0x0001,0xfda5,0x0001,0xfdc6,0x0001,0xfdc7,0x0001,0xfda5,0x0001,0xf6d4,0x0001,0xefbf,
    0x0018,0xf79e,0x0001,0xef9e,0x0001,0xffdf,0x0003,0xffff,0x0009,0xf79e,0x0001,0xf79f,0x0001,0xf75b,0x0003,0xfda6,
    0x0001,0xfe2c,0x0001,0xf6d5,0x0001,0xef9e,0x0002,0xf79d,0x0001,0xefbf,0x0001,0xfe4e,0x0001,0xfd85,0x0001,0xfdc7,
    0x0001,0xfda5,0x0001,0xfde9,0x0001,0xf77d,0x0018,0xf79e,0x0001,0xef9e,0x0001,0xffdf,0x0003,0xffff,0x0009,0xf79e,
    0x0001,0xefbf,0x0001,0xfeb2,0x0001,0xfd84,0x0001,0xfdc7,0x0001,0xfda6,0x0001,0xfde9,0x0001,0xf77d,0x0003,0xf79e,
    0x0001,0xf79f,0x0001,0xf75b,0x0001,0xfdc7,0x0001,0xfda5,0x0001,0xfdc7,0x0001,0xfda5,0x0001,0xf6d4,0x0001,0xefbf,
    0x0017,0xf79e,0x0001,0xef9e,0x0001,0xffdf,0x0003,0xffff,0x0008,0xf79e,0x0001,0xef9f,0x0001,0xf75b,0x0001,0xfdc7,
    0x0001,0xfda6,0x0001,0xfdc6,0x0001,0xfda5,0x0001,0xf6f6,0x0001,0xefbf,0x0004,0xf79e,0x0001,0xefbf,0x0001,0xfe91,
    0x0002,0xfdc7,0x0001,0xfda5,0x0001,0xfe2c,0x0018,0xf79e,0x0001,0xef9e,0x0001,0xffdf,0x0003,0xffff,0x0008,0xf79e,
    0x0001,0xefbf,0x0001,0xf6d4,0x0001,0xfd84,0x0001,0xfdc6,0x0001,0xfda6,0x0001,0xf5c9,0x0001,0xef7d,0x0006,0xf79e,
    0x0001,0xf77c,0x0001,0xfdc7,0x0001,0xfda6,0x0001,0xfdc6,0x0001,0xfd85,0x0001,0xf6f6,0x0001,0xefbf,0x0016,0xf79e,
    0x0001,0xef9e,0x0001,0xffdf,0x0003,0xffff,0x0008,0xf79e,0x0001,0xf79d,0x0001,0xfde9,0x0002,0xfda6,0x0001,0xfda5,
    0x0001,0xc54f,0x0001,0xe75e,0x0007,0xf79e,0x0001,0xfe6f,0x0001,0xfdc7,0x0001,0xfdc6,0x0001,0xfda5,0x0001,0xfe2b,
    0x0001,0xef9f,0x0016,0xf79e,0x0001,0xef9e,0x0001,0xffdf,0x0003,0xffff,0x0007,0xf79e,0x0001,0xefbf,0x0001,0xf718,
    0x0001,0xfda5,0x0001,0xfda6,0x0001,0xfdc7,0x0001,0xf5c8,0x0001,0xad12,0x0001,0xe75e,0x0006,0xf79e,0x0001,0xef9f,
    0x0001,0xf75b,0x0001,0xfda6,0x0001,0xfda5,0x0002,0xfda6,0x0001,0xf717,0x0001,0xefbf,0x0015,0xf79e,0x0001,0xef9e,
    0x0001,0xffdf,0x0003,0xffff,0x0008,0xf79e,0x0001,0xfe2d,0x0001,0xfda5,0x0001,0xfda7,0x0001,0xfdc5,0x0001,0xcd6e,
    0x0001,0x94f5,0x0001,0xef5d,0x0001,0xf79e,0x0005,0xef9e,0x0001,0xef7d,0x0001,0xef9f,0x0001,0xfe6f,0x0002,0xfde8,
    0x0001,0xfd84,0x0001,0xfe91,0x0001,0xefbf,0x0001,0xef7d,0x000b,0xef9e,0x0001,0xf79e,0x0001,0xf79f,0x0001,0xefbf,
    0x0006,0xf79e,0x0001,0xef9e,0x0001,0xffdf,0x0003,0xffff,0x0006,0xf79e,0x0001,0xefbf,0x0001,0xf739,0x0001,0xfda5,
    0x0001,0xfdc7,0x0001,0xfda6,0x0001,0xfe28,0x0001,0xc617,0x0001,0x94d4,0x0001,0xf79e,0x0001,0xffdf,0x0007,0xf7df,
    0x0001,0xff9c,0x0001,0xfe2b,0x0001,0xfdc6,0x0001,0xfda6,0x0001,0xfde8,0x0001,0xf79c,0x0001,0xffdf,0x0009,0xf7df,
    0x0001,0xf7bf,0x0001,0xf7df,0x0001,0xf75a,0x0001,0xfe2c,0x0001,0xf718,0x0001,0xefbf,0x0001,0xf79f,0x0004,0xf79e,
    0x0001,0xef9e,0x0001,0xffdf,0x0003,0xffff,0x0006,0xf79e,0x0001,0xf79f,0x0001,0xf6b3,0x0001,0xfda6,0x0001,0xfdc7,
    0x0001,0xedca,0x0001,0xd5ae,0x0001,0xad97,0x0001,0x94d4,0x0001,0xc618,0x0008,0xc639,0x0001,0xc618,0x0001,0xed88,
    0x0001,0xf587,0x0001,0xfda7,0x0001,0xfda5,0x0001,0xd613,0x0001,0xbe3a,0x0001,0xc618,0x0008,0xc639,0x0001,0xc638,
    0x0001,0xbe3a,0x0001,0xee0e,0x0001,0xfd84,0x0001,0xfda6,0x0001,0xfe6f,0x0001,0xf75b,0x0004,0xf79e,0x0001,0xef9e,
    0x0001,0xffdf,0x0003,0xffff,0x0006,0xf79e,0x0001,0xf77d,0x0001,0xfdc7,0x0002,0xfda6,0x0001,0xfda5,0x0001,0xb511,
    0x0001,0x94d5,0x000b,0x94d4,0x0001,0xb530,0x0001,0xed88,0x0001,0xfda6,0x0001,0xfdc5,0x0001,0xdd6a,0x000b,0x94d4,
    0x0001,0x9cd1,0x0001,0xf586,0x0001,0xfdc6,0x0001,0xfda6,0x0001,0xfd84,0x0001,0xf718,0x0001,0xefbf,0x0003,0xf79e,
    0x0001,0xef9e,0x0001,0xffdf,0x0003,0xffff,0x0005,0xf79e,0x0001,0xefbf,0x0001,0xf6f5,0x0001,0xfda5,0x0001,0xfdc6,
    0x0001,0xfda6,0x0001,0xfde9,0x0001,0xf77c,0x0001,0xbe19,0x0001,0x94d4,0x0001,0xef5d,0x0001,0xef7e,0x0007,0xef7d,
    0x0001,0xef7e,0x0001,0xef5b,0x0001,0xfde7,0x0001,0xfda5,0x0001,0xfdc7,0x0001,0xfde8,0x0001,0xf6d5,0x0001,0xef9f,
    0x0008,0xef7d,0x0001,0xef9f,0x0001,0xf6b3,0x0001,0xfda5,0x0001,0xfdc6,0x0001,0xfda5,0x0001,0xfe2c,0x0005,0xf79e,
    0x0001,0xef9e,0x0001,0xffdf,0x0003,0xffff,0x0005,0xf79e,0x0001,0xf77d,0x0001,0xfe0b,0x0001,0xfda5,0x0001,0xfdc7,
    0x0001,0xfda5,0x0001,0xf6d5,0x0001,0xf7ff,0x0001,0xc638,0x0001,0x94d4,0x0001,0xef7e,0x0009,0xf79e,0x0001,0xf7bf,
    0x0001,0xfe4e,0x0001,0xfda5,0x0001,0xfdc7,0x0001,0xfd84,0x0001,0xfe90,0x0001,0xf7bf,0x0007,0xf79e,0x0001,0xf7bf,
    0x0001,0xf77b,0x0001,0xfe2b,0x0001,0xfdc8,0x0001,0xfdc6,0x0001,0xfd85,0x0001,0xf6d5,0x0001,0xefbf,0x0004,0xf79e,
    0x0001,0xef9e,0x0001,0xffdf,0x0003,0xffff,0x0004,0xf79e,0x0001,0xefbf,0x0001,0xf739,0x0001,0xfdc6,0x0001,0xfdc7,
    0x0001,0xfda6,0x0001,0xfde8,0x0001,0xef7d,0x0001,0xf7df,0x0001,0xc639,0x0001,0x94d4,0x0001,0xef7d,0x0009,0xf79e,
    0x0001,0xef9f,0x0001,0xf739,0x0001,0xfdc7,0x0001,0xfda6,0x0001,0xfdc6,0x0001,0xfdc7,0x0001,0xf73a,0x0001,0xef9f,
    0x0006,0xf79e,0x0001,0xefbf,0x0001,0xf717,0x0001,0xfd84,0x0001,0xfda6,0x0001,0xfda5,0x0001,0xfde9,0x0006,0xf79e,
    0x0001,0xef9e,0x0001,0xffdf,0x0003,0xffff,0x0005,0xf79e,0x0001,0xfe4d,0x0001,0xfdc7,0x0002,0xfda5,0x0001,0xfe91,
    0x0001,0xef9f,0x0001,0xf7be,0x0001,0xc639,0x0001,0x94d4,0x0001,0xef7d,0x000a,0xf79e,0x0001,0xef9f,0x0001,0xfe2b,
    0x0001,0xfda5,0x0001,0xfdc7,0x0001,0xfd85,0x0001,0xfe92,0x0001,0xefbf,0x0007,0xf79e,0x0001,0xfe2c,0x0001,0xfdc7,
    0x0001,0xfda6,0x0001,0xfda5,0x0001,0xf6b3,0x0001,0xefbf,0x0005,0xf79e,0x0001,0xef9e,0x0001,0xffdf,0x0003,0xffff,
    0x0005,0xf79e,0x0001,0xf717,0x0001,0xfe92,0x0001,0xfe2b,0x0001,0xfdc7,0x0001,0xf75a,0x0001,0xef9f,0x0001,0xf7df,
    0x0001,0xc639,0x0001,0x94d4,0x0001,0xef7d,0x000a,0xf79e,0x0001,0xefbf,0x0001,0xf6f6,0x0001,0xfda5,0x0002,0xfda6,
    0x0001,0xfe0a,0x0001,0xf75b,0x0005,0xf79e,0x0001,0xefbf,0x0001,0xf6f6,0x0001,0xfd84,0x0001,0xfda6,0x0001,0xfdc6,
    0x0001,0xfda6,0x0001,0xf739,0x0001,0xef9f,0x0005,0xf79e,0x0001,0xef9e,0x0001,0xffdf,0x0003,0xffff,0x0005,0xf79e,
    0x0002,0xefbf,0x0001,0xf79e,0x0001,0xf77c,0x0001,0xf79e,0x0001,0xef9e,0x0001,0xf7df,0x0001,0xc639,0x0001,0x94d4,
    0x0001,0xef7d,0x000b,0xf79e,0x0001,0xef9e,0x0001,0xfe0a,0x0001,0xfda5,0x0001,0xfdc7,0x0001,0xfda6,0x0001,0xf6b3,
    0x0001,0xefbf,0x0004,0xf79e,0x0001,0xf77d,0x0001,0xfe90,0x0001,0xfde9,0x0001,0xfdc6,0x0001,0xfda5,0x0001,0xfe6f,
    0x0001,0xef9f,0x0006,0xf79e,0x0001,0xef9e,0x0001,0xffdf,0x0003,0xffff,0x000a,0xf79e,0x0001,0xef9e,0x0001,0xf7df,
    0x0001,0xc639,0x0001,0x94d4,0x0001,0xef7d,0x000b,0xf79e,0x0001,0xefbf,0x0001,0xf6b2,0x0001,0xfd85,0x0001,0xfdc7,
    0x0001,0xfe0a,0x0001,0xfe0b,0x0001,0xf73a,0x0001,0xef9f,0x0002,0xf79e,0x0001,0xefbf,0x0001,0xf718,0x0001,0xfdc7,
    0x0001,0xfde8,0x0001,0xfdc7,0x0001,0xfda5,0x0001,0xf73a,0x0001,0xefbf,0x0006,0xf79e,0x0001,0xef9e,0x0001,0xffdf,
    0x0003,0xffff,0x000a,0xf79e,0x0001,0xef9e,0x0001,0xf7df,0x0001,0xc639,0x0001,0x94d4,0x0001,0xef7d,0x000c,0xf79e,
    0x0001,0xf77d,0x0001,0xfde8,0x0001,0xfda6,0x0001,0xfdc6,0x0001,0xfd84,0x0001,0xfe4d,0x0001,0xef9f,0x0002,0xf79e,
    0x0001,0xf77c,0x0001,0xfe2b,0x0001,0xfe0a,0x0001,0xfdc7,0x0001,0xfda5,0x0001,0xfe4d,0x0001,0xef9f,0x0007,0xf79e,
    0x0001,0xef9e,0x0001,0xffdf,0x0003,0xffff,0x000a,0xf79e,0x0001,0xef9e,0x0001,0xf7df,0x0001,0xc639,0x0001,0x94d4,
    0x0001,0xef7d,0x000c,0xf79e,0x0001,0xefbf,0x0001,0xf6d4,0x0001,0xfd84,0x0001,0xfdc7,0x0002,0xfdc6,0x0001,0xf718,
    0x0002,0xefbf,0x0001,0xfe70,0x0001,0xfd84,0x0001,0xfda6,0x0001,0xfdc7,0x0001,0xfda5,0x0001,0xf739,0x0001,0xefbf,
    0x0007,0xf79e,0x0001,0xef9e,0x0001,0xffdf,0x0003,0xffff,0x000a,0xf79e,0x0001,0xef9e,0x0001,0xf7df,0x0001,0xc639,
    0x0001,0x94d4,0x0001,0xef7d,0x000d,0xf79e,0x0001,0xefbf,0x0001,0xfe2c,0x0001,0xfda5,0x0001,0xfdc6,0x0001,0xfdc7,
    0x0001,0xfe0b,0x0001,0xf75b,0x0001,0xf6d5,0x0001,0xfda6,0x0001,0xfdc6,0x0001,0xfdc7,0x0001,0xfd84,0x0001,0xfe91,
    0x0001,0xf79f,0x0008,0xf79e,0x0001,0xef9e,0x0001,0xffdf,0x0003,0xffff,0x000a,0xf79e,0x0001,0xef9e,0x0001,0xf7df,
    0x0001,0xc639,0x0001,0x94d4,0x0001,0xef7d,0x000d,0xf79e,0x0001,0xef9f,0x0001,0xf75b,0x0001,0xfdc7,0x0002,0xfda6,
    0x0001,0xfdc6,0x0001,0xfdc8,0x0002,0xfda6,0x0001,0xfdc6,0x0001,0xfda5,0x0001,0xfe0a,0x0001,0xf77d,0x0009,0xf79e,
    0x0001,0xef9e,0x0001,0xffdf,0x0003,0xffff,0x000a,0xf79e,0x0001,0xef9e,0x0001,0xf7df,0x0001,0xc639,0x0001,0x94d4,
    0x0001,0xef7d,0x000e,0xf79e,0x0001,0xefbf,0x0001,0xf6d5,0x0001,0xfd84,0x0001,0xfda6,0x0001,0xfdc7,0x0002,0xfda6,
    0x0001,0xfdc7,0x0001,0xfda6,0x0001,0xfda5,0x0001,0xf73a,0x0001,0xefbf,0x0009,0xf79e,0x0001,0xef9e,0x0001,0xffdf,
    0x0003,0xffff,0x000a,0xf79e,0x0001,0xef9e,0x0001,0xf7df,0x0001,0xc639,0x0001,0x94d4,0x0001,0xef7d,0x000f,0xf79e,
    0x0001,0xf79f,0x0001,0xf6d4,0x0001,0xfda6,0x0001,0xfd84,0x0002,0xfda6,0x0001,0xfd84,0x0001,0xfda5,0x0001,0xf6d5,
    0x0001,0xefbf,0x000a,0xf79e,0x0001,0xef9e,0x0001,0xffdf,0x0003,0xffff,0x000a,0xf79e,0x0001,0xef9e,0x0001,0xf7df,
    0x0001,0xc639,0x0001,0x94d4,0x0001,0xef7d,0x0010,0xf79e,0x0001,0xefbf,0x0001,0xf717,0x0001,0xfe2c,0x0001,0xfdc7,
    0x0001,0xfde9,0x0001,0xfe91,0x0001,0xf739,0x0001,0xefbf,0x000b,0xf79e,0x0001,0xef9e,0x0001,0xffdf,0x0003,0xffff,
    0x000a,0xf79e,0x0001,0xef9e,0x0001,0xf7df,0x0001,0xc639,0x0001,0x94d4,0x0001,0xef7d,0x0011,0xf79e,0x0001,0xefbf,
    0x0001,0xf79f,0x0001,0xf77c,0x0001,0xf77d,0x0001,0xefbf,0x0001,0xef9f,0x000c,0xf79e,0x0001,0xef9e,0x0001,0xffdf,
    0x0003,0xffff,0x000a,0xf79e,0x0001,0xef9e,0x0001,0xf7df,0x0001,0xc639,0x0001,0x94d4,0x0001,0xef7d,0x0023,0xf79e,
    0x0001,0xef7e,0x0001,0xffdf,0x0002,0xffff,0x0001,0xffdf,0x0001,0xef5d,0x0009,0xf79e,0x0001,0xef9e,0x0001,0xf7df,
    0x0001,0xc639,0x0001,0x94d4,0x0001,0xef7d,0x0023,0xf79e,0x0001,0xef7d,0x0001,0xf7be,0x0002,0xffff,0x0001,0xffdf,
    0x0001,0xe73d,0x0009,0xf79e,0x0001,0xef9e,0x0001,0xf7df,0x0001,0xbe18,0x0001,0x94b3,0x0001,0xef7d,0x0023,0xf79e,
    0x0001,0xe75d,0x0001,0xf7be,0x0003,0xffff,0x0001,0xe73c,0x0001,0xef7e,0x0008,0xf79e,0x0001,0xef9e,0x0001,0xf79e,
    0x0001,0xe73d,0x0001,0xdedb,0x0001,0xef9e,0x0023,0xf79e,0x0001,0xe71c,0x0001,0xffdf,0x0003,0xffff,0x0001,0xef5d,
    0x0001,0xe73c,0x0001,0xf7be,0x000a,0xf79e,0x0001,0xf7be,0x0023,0xf79e,0x0001,0xef5d,0x0001,0xe71c,0x0004,0xffff,
    0x0001,0xffdf,0x0001,0xd6bb,0x0001,0xef7e,0x0009,0xf79e,0x0002,0xef9e,0x0023,0xf79e,0x0001,0xd6db,0x0001,0xef7d,
    0x0005,0xffff,0x0001,0xe73c,0x0001,0xd6bb,0x002d,0xf79e,0x0001,0xdefc,0x0001,0xdedb,0x0007,0xffff,0x0002,0xd6db,
    0x0001,0xef9e,0x002a,0xf79e,0x0001,0xdefc,0x0001,0xd69a,0x0001,0xf7be,0x0007,0xffff,0x0001,0xf7be,0x0002,0xd6ba,
    0x0001,0xef5d,0x0027,0xf79e,0x0001,0xef7d,0x0001,0xdedb,0x0001,0xd69a,0x0001,0xef7e,0x0009,0xffff,0x0001,0xf7be,
    0x0001,0xd6bb,0x0001,0xd69a,0x0001,0xdefb,0x0001,0xe73d,0x0001,0xef7e,0x0021,0xf79e,0x0001,0xef7e,0x0001,0xef5d,
    0x0001,0xdf1c,0x0002,0xd69a,0x0001,0xef7e,0x000b,0xffff,0x0001,0xffdf,0x0001,0xe71c,0x0001,0xd69a,0x0001,0xce9a,
    0x0001,0xd6ba,0x0001,0xdedb,0x001f,0xdefb,0x0001,0xdedb,0x0001,0xd6bb,0x0001,0xd69a,0x0001,0xce9a,0x0001,0xdedb,
    0x0001,0xf7be,0x000e,0xffff,0x0001,0xf7be,0x0001,0xe73c,0x0001,0xdedb,0x0001,0xd6ba,0x001f,0xd69a,0x0001,0xd6ba,
    0x0001,0xd6db,0x0001,0xe71c,0x0001,0xf79e,0x0013,0xffff,0x0001,0xffdf,0x0001,0xf79e,0x001d,0xf7be,0x0001,0xf79e,
    0x0001,0xf7be,0x000b,0xffff,
};
const icon_t icon_functions = { 938, functions_rle };

static const uint16_t equations_rle[] = {
    0x000c,0xffff,0x001f,0xf79e,0x0001,0xffdf,0x0013,0xffff,0x0001,0xf79e,0x0001,0xbdf8,0x0001,0x8452,0x0001,0x6b8f,
    0x0001,0x5aed,0x001d,0x5b0d,0x0001,0x5aed,0x0001,0x634e,0x0001,0x7c11,0x0001,0xad76,0x0001,0xe73c,0x000f,0xffff,
    0x0001,0xa555,0x0001,0x5aec,0x0001,0x422a,0x0001,0x424a,0x0001,0x426b,0x0001,0x4a8b,0x001d,0x4a6b,0x0001,0x4a8b,
    0x0001,0x4a6b,0x0001,0x424a,0x0001,0x422a,0x0001,0x4a8b,0x0001,0x8c93,0x0001,0xf79e,0x000b,0xffff,0x0001,0xf7be,
    0x0001,0x7c11,0x0001,0x422a,0x0001,0x4a8b,0x0002,0x52ac,0x0021,0x4aab,0x0002,0x52ac,0x0001,0x4a8b,0x0001,0x422a,
    0x0001,0x632e,0x0001,0xdefb,0x0009,0xffff,0x0001,0xf79e,0x0001,0x73af,0x0001,0x422a,0x0001,0x52ac,0x0001,0x4aab,
    0x0026,0x4a8b,0x0001,0x52ac,0x0001,0x424a,0x0001,0x52cc,0x0001,0xdefb,0x0008,0xffff,0x0001,0x7c11,0x0001,0x422a,
    0x0001,0x52cc,0x0029,0x4a8b,0x0001,0x52ac,0x0001,0x426b,0x0001,0x5aed,0x0001,0xef7e,0x0006,0xffff,0x0001,0xad76,
    0x0001,0x422a,0x0001,0x52ac,0x002b,0x4a8b,0x0001,0x52ac,0x0001,0x424a,0x0001,0x7c11,0x0005,0xffff,0x0001,0xf79e,
    0x0001,0x5aed,0x0001,0x4a8b,0x0001,0x4aab,0x002c,0x4a8b,0x0001,0x52ac,0x0001,0x424a,0x0001,0xd69a,0x0004,0xffff,
    0x0001,0xbdf8,0x0001,0x422a,0x0001,0x52ac,0x002d,0x4a8b,0x0001,0x52ac,0x0001,0x424a,0x0001,0x8c93,0x0004,0xffff,
    0x0001,0x8452,0x0001,0x424a,0x0001,0x52ac,0x002d,0x4a8b,0x0001,0x4aab,0x0001,0x4a6b,0x0001,0x632d,0x0001,0xffdf,
    0x0002,0xffff,0x0001,0xffdf,0x0001,0x6b6e,0x0001,0x4a6b,0x0001,0x4aab,0x0030,0x4a8b,0x0001,0xe71c,0x0002,0xffff,
    0x0001,0xf79e,0x0001,0x52cc,0x0001,0x4a8b,0x0001,0x4aab,0x002e,0x4a8b,0x0001,0x52ac,0x0001,0x424a,0x0001,0xd69a,
    0x0002,0xffff,0x0001,0xf7be,0x0001,0x5aed,0x0001,0x4a8b,0x0001,0x4aab,0x002e,0x4a8b,0x0001,0x52ac,0x0001,0x424a,
    0x0001,0xd6ba,0x0002,0xffff,0x0001,0xf7be,0x0001,0x5aed,0x0001,0x4a8b,0x0001,0x4aab,0x002e,0x4a8b,0x0001,0x52ac,
    0x0001,0x424a,0x0001,0xd6ba,0x0002,0xffff,0x0001,0xf7be,0x0001,0x5aed,0x0001,0x4a8b,0x0001,0x4aab,0x002e,0x4a8b,
    0x0001,0x52ac,0x0001,0x424a,0x0001,0xd6ba,0x0002,0xffff,0x0001,0xf7be,0x0001,0x5aed,0x0001,0x4a8b,0x0001,0x4aab,
    0x002e,0x4a8b,0x0001,0x52ac,0x0001,0x424a,0x0001,0xd6ba,0x0002,0xffff,0x0001,0xf7be,0x0001,0x5aed,0x0001,0x4a8b,
    0x0001,0x4aab,0x002e,0x4a8b,0x0001,0x52ac,0x0001,0x424a,0x0001,0xd6ba,0x0002,0xffff,0x0001,0xf7be,0x0001,0x5aed,
    0x0001,0x4a8b,0x0001,0x4aab,0x002e,0x4a8b,0x0001,0x52ac,0x0001,0x424a,0x0001,0xd6ba,0x0002,0xffff,0x0001,0xf7be,
    0x0001,0x5aed,0x0001,0x4a8b,0x0001,0x4aab,0x002e,0x4a8b,0x0001,0x52ac,0x0001,0x424a,0x0001,0xd6ba,0x0002,0xffff,
    0x0001,0xf7be,0x0001,0x5aed,0x0001,0x4a8b,0x0001,0x4aab,0x0024,0x4a8b,0x0002,0x4aab,0x0008,0x4a8b,0x0001,0x52ac,
    0x0001,0x424a,0x0001,0xd6ba,0x0002,0xffff,0x0001,0xf7be,0x0001,0x5aed,0x0001,0x4a8b,0x0001,0x4aab,0x0022,0x4a8b,
    0x0001,0x52ac,0x0001,0x4aab,0x0002,0x4a8b,0x0001,0x4aab,0x0001,0x52ac,0x0006,0x4a8b,0x0001,0x52ac,0x0001,0x424a,
    0x0001,0xd6ba,0x0002,0xffff,0x0001,0xf7be,0x0001,0x5aed,0x0001,0x4a8b,0x0001,0x4aab,0x0022,0x4a8b,0x0001,0x424a,
    0x0001,0x426a,0x0002,0x52cc,0x0002,0x426b,0x0001,0x4aab,0x0005,0x4a8b,0x0001,0x52ac,0x0001,0x424a,0x0001,0xd6ba,
    0x0002,0xffff,0x0001,0xf7be,0x0001,0x5aed,0x0001,0x4a8b,0x0001,0x4aab,0x000b,0x4a8b,0x0001,0x4aab,0x0002,0x52ab,
    0x0004,0x4a8b,0x0002,0x52ab,0x000c,0x4a8b,0x0001,0x4aab,0x0001,0x4a8b,0x0001,0x73af,0x0001,0xce7a,0x0001,0xffdf,
    0x0001,0xf7bf,0x0001,0xce7a,0x0001,0x73af,0x0001,0x426b,0x0001,0x52ab,0x0004,0x4a8b,0x0001,0x52ac,0x0001,0x424a,
    0x0001,0xd6ba,0x0002,0xffff,0x0001,0xf7be,0x0001,0x5aed,0x0001,0x4a8b,0x0001,0x4aab,0x000c,0x4a8b,0x0001,0x424c,
    0x0001,0x426c,0x0004,0x4a8b,0x0001,0x426c,0x0001,0x424c,0x0003,0x4a8b,0x0001,0x4aab,0x0004,0x52ac,0x0001,0x52ab,
    0x0001,0x52ac,0x0001,0x4aab,0x0002,0x4a8b,0x0001,0x52cc,0x0001,0xf79e,0x0001,0xffff,0x0001,0xbdf8,0x0001,0xce9a,
    0x0001,0xffff,0x0001,0xf79e,0x0001,0x5b0d,0x0001,0x4a8b,0x0001,0x4aab,0x0003,0x4a8b,0x0001,0x52ac,0x0001,0x424a,
    0x0001,0xd6ba,0x0002,0xffff,0x0001,0xf7be,0x0001,0x5aed,0x0001,0x4a8b,0x0001,0x4aab,0x0009,0x4a8b,0x0001,0x4aab,
    0x0001,0x4a8b,0x0001,0x732a,0x0001,0xac48,0x0001,0x9c09,0x0001,0x52ab,0x0002,0x4a8b,0x0001,0x52ab,0x0001,0x9c09,
    0x0001,0xac48,0x0001,0x6b0b,0x0002,0x4a8b,0x0007,0x424a,0x0001,0x4a6b,0x0002,0x4aab,0x0001,0x4a6b,0x0001,0x73af,
    0x0001,0x634e,0x0002,0x422a,0x0001,0xc639,0x0001,0xffff,0x0001,0x8431,0x0001,0x424a,0x0001,0x52ac,0x0003,0x4a8b,
    0x0001,0x52ac,0x0001,0x424a,0x0001,0xd6ba,0x0002,0xffff,0x0001,0xf7be,0x0001,0x5aed,0x0001,0x4a8b,0x0001,0x4aab,
    0x000b,0x4a8b,0x0001,0x5acb,0x0001,0xed67,0x0001,0xfe25,0x0001,0xa409,0x0002,0x426c,0x0001,0x9c09,0x0001,0xfe45,
    0x0001,0xe527,0x0001,0x52ab,0x0001,0x4a8b,0x0001,0x52cc,0x0001,0xce59,0x0001,0xdefb,0x0001,0xdedb,0x0002,0xdefb,
    0x0001,0xdedb,0x0001,0xdefb,0x0001,0xa555,0x0001,0x424a,0x0002,0x4aab,0x0001,0x426a,0x0001,0x4a6b,0x0001,0x52ac,
    0x0001,0x424a,0x0001,0xce7a,0x0001,0xffff,0x0001,0x6b8f,0x0001,0x426b,0x0001,0x4aab,0x0003,0x4a8b,0x0001,0x52ac,
    0x0001,0x424a,0x0001,0xd6ba,0x0002,0xffff,0x0001,0xf7be,0x0001,0x5aed,0x0001,0x4a8b,0x0001,0x4aab,0x000a,0x4a8b,
    0x0001,0x52ab,0x0001,0x426c,0x0001,0x6b0a,0x0001,0xf5a6,0x0001,0xfdc6,0x0001,0x6b0b,0x0001,0x5acb,0x0002,0xf5a6,
    0x0001,0x630b,0x0001,0x426c,0x0001,0x4a8b,0x0001,0x52cc,0x0001,0xce79,0x0001,0xdefb,0x0001,0xdedb,0x0002,0xdefb,
    0x0001,0xdedb,0x0001,0xdefb,0x0001,0xa555,0x0001,0x424a,0x0001,0x52ac,0x0001,0x4a8b,0x0001,0x52ac,0x0001,0x52ab,
    0x0001,0x424a,0x0001,0xb5b7,0x0001,0xffff,0x0001,0xad56,0x0001,0x424a,0x0001,0x52ac,0x0004,0x4a8b,0x0001,0x52ac,
    0x0001,0x424a,0x0001,0xd6ba,0x0002,0xffff,0x0001,0xf7be,0x0001,0x5aed,0x0001,0x4a8b,0x0001,0x4aab,0x000b,0x4a8b,
    0x0001,0x52ab,0x0001,0x426c,0x0001,0x9be9,0x0001,0xfe25,0x0001,0xccc8,0x0001,0xbc88,0x0001,0xfe25,0x0001,0x9be9,
    0x0001,0x426c,0x0001,0x52ab,0x0002,0x4a8b,0x0001,0x426a,0x0006,0x424a,0x0001,0x4a6b,0x0003,0x4a8b,0x0001,0x52ac,
    0x0001,0x424a,0x0001,0xad56,0x0001,0xffff,0x0001,0xa555,0x0001,0x424a,0x0006,0x4a8b,0x0001,0x52ac,0x0001,0x424a,
    0x0001,0xd6ba,0x0002,0xffff,0x0001,0xf7be,0x0001,0x5aed,0x0001,0x4a8b,0x0001,0x4aab,0x000c,0x4a8b,0x0001,0x4aab,
    0x0001,0x428b,0x0001,0xccc8,0x0002,0xfde6,0x0001,0xccc8,0x0001,0x4a8b,0x0001,0x4aab,0x0003,0x4a8b,0x0001,0x426a,
    0x0006,0x424a,0x0001,0x4a6b,0x0002,0x4a8b,0x0001,0x4aab,0x0001,0x4a6b,0x0001,0x632d,0x0001,0xffff,0x0001,0xdefc,
    0x0001,0x424a,0x0002,0x4aab,0x0005,0x4a8b,0x0001,0x52ac,0x0001,0x424a,0x0001,0xd6ba,0x0002,0xffff,0x0001,0xf7be,
    0x0001,0x5aed,0x0001,0x4a8b,0x0001,0x4aab,0x000c,0x4a8b,0x0001,0x4aab,0x0001,0x426b,0x0001,0xccc8,0x0002,0xfde6,
    0x0001,0xac29,0x0001,0x3a4c,0x0001,0x52ab,0x0001,0x4aab,0x0001,0x4a8b,0x0001,0x52cc,0x0001,0xce79,0x0001,0xdefb,
    0x0001,0xdedb,0x0002,0xdefb,0x0001,0xdedb,0x0001,0xdefb,0x0001,0xa555,0x0001,0x424a,0x0001,0x52ac,0x0002,0x4a8b,
    0x0001,0x5aed,0x0001,0x94b3,0x0001,0x73d0,0x0001,0x4a8b,0x0001,0x4aab,0x0006,0x4a8b,0x0001,0x52ac,0x0001,0x424a,
    0x0001,0xd6ba,0x0002,0xffff,0x0001,0xf7be,0x0001,0x5aed,0x0001,0x4a8b,0x0001,0x4aab,0x000b,0x4a8b,0x0001,0x52ab,
    0x0001,0x426c,0x0001,0xa409,0x0001,0xfe25,0x0001,0xccc8,0x0001,0xed67,0x0001,0xfde6,0x0001,0x7b6a,0x0001,0x426c,
    0x0001,0x52ab,0x0001,0x4a8b,0x0001,0x52cc,0x0001,0xce59,0x0001,0xdefb,0x0001,0xdedb,0x0002,0xdefb,0x0001,0xdedb,
    0x0001,0xdefb,0x0001,0xa555,0x0001,0x424a,0x0001,0x52ac,0x0002,0x4a8b,0x0001,0x4a6b,0x0001,0x634e,0x0001,0x632d,
    0x0001,0x4a6b,0x0001,0x4aab,0x0006,0x4a8b,0x0001,0x52ac,0x0001,0x424a,0x0001,0xd6ba,0x0002,0xffff,0x0001,0xf7be,
    0x0001,0x5aed,0x0001,0x4a8b,0x0001,0x4aab,0x000a,0x4a8b,0x0001,0x52ab,0x0001,0x426c,0x0001,0x6b2a,0x0001,0xfdc6,
    0x0001,0xf586,0x0001,0x52ab,0x0001,0x8baa,0x0001,0xfe06,0x0001,0xed67,0x0001,0x5acb,0x0001,0x4a8b,0x0001,0x52ab,
    0x0001,0x4a8b,0x0007,0x424a,0x0001,0x4a6b,0x0001,0x4aab,0x0001,0x4a8b,0x0001,0x52ac,0x0001,0x424a,0x0001,0x94b3,
    0x0001,0xffff,0x0001,0xf7be,0x0001,0x6b8f,0x0001,0x4a6b,0x0001,0x4aab,0x0005,0x4a8b,0x0001,0x52ac,0x0001,0x424a,
    0x0001,0xd6ba,0x0002,0xffff,0x0001,0xf7be,0x0001,0x5aed,0x0001,0x4a8b,0x0001,0x4aab,0x000b,0x4a8b,0x0001,0x5acb,
    0x0001,0xed67,0x0001,0xfe25,0x0001,0x8ba9,0x0002,0x426c,0x0001,0xbc68,0x0001,0xfe45,0x0001,0xd507,0x0003,0x4a8b,
    0x0001,0x4aab,0x0004,0x52ac,0x0001,0x52ab,0x0001,0x52ac,0x0001,0x4aab,0x0002,0x4a8b,0x0001,0x52ac,0x0001,0x422a,
    0x0001,0xbdd7,0x0002,0xffff,0x0001,0x8452,0x0001,0x424a,0x0001,0x52ac,0x0005,0x4a8b,0x0001,0x52ac,0x0001,0x424a,
    0x0001,0xd6ba,0x0002,0xffff,0x0001,0xf7be,0x0001,0x5aed,0x0001,0x4a8b,0x0001,0x4aab,0x0009,0x4a8b,0x0001,0x52ab,
    0x0001,0x426c,0x0001,0x93c9,0x0001,0xd527,0x0001,0xb448,0x0001,0x4a8b,0x0001,0x52ab,0x0001,0x4a8b,0x0001,0x52ab,
    0x0001,0xc4a8,0x0001,0xd527,0x0001,0x838a,0x0001,0x426c,0x0001,0x52ab,0x000a,0x4a8b,0x0001,0x4aab,0x0001,0x4a6b,
    0x0001,0x632e,0x0001,0xc659,0x0001,0xb5b7,0x0001,0x52ac,0x0007,0x4a8b,0x0001,0x52ac,0x0001,0x424a,0x0001,0xd6ba,
    0x0002,0xffff,0x0001,0xf7be,0x0001,0x5aed,0x0001,0x4a8b,0x0001,0x4aab,0x000c,0x4a8b,0x0002,0x426c,0x0004,0x4a8b,
    0x0002,0x426c,0x000e,0x4a8b,0x0001,0x4aab,0x0001,0x4a6b,0x0002,0x424a,0x0008,0x4a8b,0x0001,0x52ac,0x0001,0x424a,
    0x0001,0xd6ba,0x0002,0xffff,0x0001,0xf7be,0x0001,0x5aed,0x0001,0x4a8b,0x0001,0x4aab,0x000c,0x4a8b,0x0002,0x52ab,
    0x0004,0x4a8b,0x0002,0x52ab,0x000f,0x4a8b,0x0001,0x4aab,0x0002,0x52ac,0x0008,0x4a8b,0x0001,0x52ac,0x0001,0x424a,
    0x0001,0xd6ba,0x0002,0xffff,0x0001,0xf7be,0x0001,0x5aed,0x0001,0x4a8b,0x0001,0x4aab,0x002e,0x4a8b,0x0001,0x52ac,
    0x0001,0x424a,0x0001,0xd6ba,0x0002,0xffff,0x0001,0xf7be,0x0001,0x5aed,0x0001,0x4a8b,0x0001,0x4aab,0x002e,0x4a8b,
    0x0001,0x52ac,0x0001,0x424a,0x0001,0xd6ba,0x0002,0xffff,0x0001,0xf7be,0x0001,0x5aed,0x0001,0x4a8b,0x0001,0x4aab,
    0x002e,0x4a8b,0x0001,0x52ac,0x0001,0x424a,0x0001,0xd6ba,0x0002,0xffff,0x0001,0xf7be,0x0001,0x5aed,0x0001,0x4a8b,
    0x0001,0x4aab,0x002e,0x4a8b,0x0001,0x52ac,0x0001,0x424a,0x0001,0xd6ba,0x0002,0xffff,0x0001,0xf7be,0x0001,0x5aed,
    0x0001,0x4a8b,0x0001,0x4aab,0x002e,0x4a8b,0x0001,0x52ac,0x0001,0x424a,0x0001,0xd6ba,0x0002,0xffff,0x0001,0xf7be,
    0x0001,0x5aed,0x0001,0x4a8b,0x0001,0x4aab,0x002e,0x4a8b,0x0001,0x52ac,0x0001,0x424a,0x0001,0xd6ba,0x0002,0xffff,
    0x0001,0xf7be,0x0001,0x5aed,0x0001,0x4a8b,0x0001,0x4aab,0x002e,0x4a8b,0x0001,0x52ac,0x0001,0x424a,0x0001,0xd6ba,
    0x0002,0xffff,0x0001,0xf79e,0x0001,0x5aec,0x0001,0x4a8b,0x0001,0x4aab,0x002e,0x4a8b,0x0001,0x52ac,0x0001,0x424a,
    0x0001,0xd69a,0x0002,0xffff,0x0001,0xf79e,0x0001,0x52ac,0x0001,0x4a8b,0x0001,0x4aab,0x002e,0x4a8b,0x0001,0x52ac,
    0x0001,0x422a,0x0001,0xce79,0x0002,0xffff,0x0001,0xf7be,0x0001,0x52cc,0x0030,0x4a8b,0x0001,0x52ac,0x0001,0x422a,
    0x0001,0xd6ba,0x0003,0xffff,0x0001,0x6b8f,0x0001,0x422a,0x0001,0x52ac,0x002f,0x4a8b,0x0001,0x4a6b,0x0001,0xf79e,
    0x0001,0xffff,0x0001,0xffdf,0x0001,0xffff,0x0001,0x9cf4,0x0001,0x31c8,0x0001,0x52cc,0x002d,0x4a8b,0x0001,0x52ac,
    0x0001,0x3a29,0x0001,0x6b6f,0x0004,0xffff,0x0001,0xe71c,0x0001,0x31c8,0x0001,0x4a8b,0x0001,0x52ac,0x002c,0x4a8b,
    0x0001,0x52cc,0x0001,0x2987,0x0001,0xb5b7,0x0001,0xffff,0x0001,0xffdf,0x0003,0xffff,0x0001,0x7c11,0x0001,0x2167,
    0x0001,0x52ac,0x0001,0x4aab,0x002a,0x4a8b,0x0001,0x52ac,0x0001,0x31c8,0x0001,0x4a8b,0x0001,0xffdf,0x0005,0xffff,
    0x0001,0xf79e,0x0001,0x4a6a,0x0001,0x2987,0x0002,0x52ac,0x0027,0x4a8b,0x0001,0x4aab,0x0001,0x52ac,0x0001,0x3a09,
    0x0001,0x2967,0x0001,0xd6ba,0x0007,0xffff,0x0001,0xd6bb,0x0001,0x39e8,0x0001,0x2987,0x0001,0x4a6b,0x0001,0x4aab,
    0x0001,0x52ac,0x0001,0x4aab,0x0021,0x4a8b,0x0001,0x4aab,0x0002,0x52ac,0x0001,0x4a8b,0x0001,0x31e8,0x0001,0x2146,
    0x0001,0xb596,0x0009,0xffff,0x0001,0xd6bb,0x0001,0x3a29,0x0001,0x2146,0x0001,0x3a09,0x0001,0x426a,0x0001,0x4a8b,
    0x0001,0x4aab,0x0001,0x52ac,0x001d,0x4aab,0x0001,0x52ac,0x0001,0x4aab,0x0001,0x4a8b,0x0001,0x4a6b,0x0001,0x4229,
    0x0001,0x2967,0x0001,0x2987,0x0001,0xad96,0x000b,0xffff,0x0001,0xef7d,0x0001,0x6b6e,0x0001,0x2146,0x0001,0x2126,
    0x0001,0x2987,0x0001,0x31c8,0x0001,0x3a09,0x001d,0x39e9,0x0001,0x3a09,0x0001,0x39e9,0x0001,0x29a7,0x0001,0x2146,
    0x0001,0x2126,0x0001,0x4a8b,0x0001,0xd69a,0x000e,0xffff,0x0001,0xc659,0x0001,0x7c11,0x0001,0x4a6b,0x0001,0x31c8,
    0x0001,0x2967,0x001d,0x2987,0x0001,0x2967,0x0001,0x31a8,0x0001,0x422a,0x0001,0x738f,0x0001,0xb5b7,0x0001,0xffdf,
    0x0011,0xffff,0x0001,0xf7be,0x0001,0xdefb,0x0001,0xc639,0x0001,0xce59,0x001b,0xc659,0x0001,0xce59,0x0001,0xc639,
    0x0001,0xd69a,0x0001,0xf79e,0x000a,0xffff,
};
const icon_t icon_equations = { 859, equations_rle };

static const uint16_t statistics_rle[] = {
    0x0040,0xffff,0x0001,0xf7be,0x0001,0xef7d,0x0001,0xe75d,0x0020,0xe73d,0x0001,0xef5d,0x0001,0xf79e,0x0001,0xffdf,
    0x000f,0xffff,0x0001,0xf79e,0x0001,0xe73d,0x0003,0xe71c,0x001f,0xe71d,0x0003,0xe71c,0x0001,0xe73d,0x0001,0xef7e,
    0x000d,0xffff,0x0001,0xef5d,0x0001,0xe71c,0x0001,0xe71d,0x0026,0xe73d,0x0001,0xe71c,0x0001,0xe73d,0x0001,0xffdf,
    0x000a,0xffff,0x0001,0xef5d,0x0001,0xe71c,0x0029,0xe73d,0x0001,0xe71c,0x0001,0xe73d,0x0001,0xffdf,0x0008,0xffff,
    0x0001,0xef5d,0x0001,0xe71c,0x002b,0xe73d,0x0001,0xe71c,0x0001,0xe73d,0x0007,0xffff,0x0001,0xf79e,0x0001,0xe71c,
    0x002d,0xe73d,0x0001,0xe71c,0x0001,0xef7d,0x0006,0xffff,0x0030,0xe73d,0x0001,0xe71c,0x0001,0xffdf,0x0004,0xffff,
    0x0001,0xf7be,0x0001,0xe71c,0x002f,0xe73d,0x0001,0xe71c,0x0001,0xef7e,0x0004,0xffff,0x0001,0xef7d,0x0001,0xe71c,
    0x0031,0xe73d,0x0004,0xffff,0x0001,0xe75d,0x001b,0xe73d,0x0005,0xe71c,0x0012,0xe73d,0x0001,0xffdf,0x0003,0xffff,
    0x001b,0xe73d,0x0001,0xe71c,0x0005,0xe73d,0x0001,0xe71c,0x0010,0xe73d,0x0001,0xe71c,0x0001,0xffdf,0x0003,0xffff,
    0x001b,0xe73d,0x0001,0xef5d,0x0001,0xdefc,0x0004,0xdedb,0x0001,0xe75d,0x0010,0xe73d,0x0001,0xe71c,0x0001,0xffdf,
    0x0003,0xffff,0x0019,0xe73d,0x0001,0xe71c,0x0001,0xef5d,0x0001,0xa556,0x0001,0x52cc,0x0001,0x5aed,0x0001,0x5aec,
    0x0001,0x5aed,0x0001,0x52ac,0x0001,0x8c72,0x0010,0xe73d,0x0001,0xe71c,0x0001,0xffdf,0x0003,0xffff,0x0018,0xe73d,
    0x0001,0xe71c,0x0001,0xe73d,0x0001,0xdefc,0x0001,0x52cc,0x0001,0x426b,0x0004,0x4a8b,0x0001,0x422a,0x0001,0xbe18,
    0x0001,0xef7d,0x0001,0xe71c,0x000d,0xe73d,0x0001,0xe71c,0x0001,0xffdf,0x0003,0xffff,0x0018,0xe73d,0x0001,0xe71c,
    0x0001,0xe73d,0x0001,0xdedb,0x0001,0x5aed,0x0001,0x4a8b,0x0001,0x52ac,0x0002,0x4aab,0x0001,0x52ac,0x0001,0x4a6b,
    0x0001,0xbdf8,0x0001,0xef7d,0x0001,0xe71c,0x000d,0xe73d,0x0001,0xe71c,0x0001,0xffdf,0x0003,0xffff,0x0018,0xe73d,
    0x0001,0xe71c,0x0001,0xe73d,0x0001,0xdedb,0x0001,0x5aec,0x0001,0x4a8b,0x0001,0x4aab,0x0002,0x4a8b,0x0001,0x4aab,
    0x0001,0x426b,0x0001,0xbdf8,0x0001,0xef7d,0x0001,0xe71c,0x000d,0xe73d,0x0001,0xe71c,0x0001,0xffdf,0x0003,0xffff,
    0x0013,0xe73d,0x0004,0xe71c,0x0001,0xe73d,0x0001,0xe71c,0x0001,0xe73d,0x0001,0xdedb,0x0001,0x5aec,0x0001,0x4a8b,
    0x0001,0x4aab,0x0002,0x4a8b,0x0001,0x4aab,0x0001,0x426b,0x0001,0xbdf8,0x0001,0xef7d,0x0001,0xe71c,0x000d,0xe73d,
    0x0001,0xe71c,0x0001,0xffdf,0x0003,0xffff,0x0006,0xe73d,0x000a,0xe71c,0x0001,0xe73c,0x0001,0xe71c,0x0001,0xe73d,
    0x0004,0xe75d,0x0001,0xe73d,0x0001,0xe71c,0x0001,0xe73d,0x0001,0xdedb,0x0001,0x5aec,0x0001,0x4a8b,0x0004,0x52ab,
    0x0001,0x4a6b,0x0001,0xbdf8,0x0001,0xef5d,0x0009,0xe71c,0x0001,0xe73c,0x0004,0xe73d,0x0001,0xe71c,0x0001,0xffdf,
    0x0003,0xffff,0x0006,0xe73d,0x000b,0xe73e,0x0001,0xe75e,0x0001,0xdefd,0x0004,0xcebc,0x0001,0xd6dc,0x0001,0xe73e,
    0x0001,0xe75e,0x0001,0xd6fd,0x0001,0x4aad,0x0001,0x424b,0x0004,0x426c,0x0001,0x3a2b,0x0001,0xbdf9,0x0001,0xef7f,
    0x0001,0xdf3e,0x0008,0xe73e,0x0001,0xe73d,0x0001,0xe73c,0x0003,0xe73d,0x0001,0xe71c,0x0001,0xffdf,0x0003,0xffff,
    0x0005,0xe73d,0x0001,0xe71c,0x000c,0xeed7,0x0001,0x9c6e,0x0001,0x838b,0x0003,0x83ab,0x0001,0x8bec,0x0001,0xde76,
    0x0001,0xeef7,0x0001,0xe696,0x0001,0x838b,0x0001,0x7b4a,0x0004,0x7b6a,0x0001,0x7329,0x0001,0xcdf4,0x0001,0xeef7,
    0x0001,0xeeb7,0x0008,0xeed7,0x0001,0xe71b,0x0001,0xe73d,0x0001,0xe73c,0x0002,0xe73d,0x0001,0xe71c,0x0001,0xffdf,
    0x0003,0xffff,0x0003,0xe73d,0x0001,0xe73c,0x0001,0xe73d,0x0001,0xe71b,0x0001,0xfdc7,0x000c,0xfda5,0x0004,0xfdc6,
    0x0001,0xfda5,0x0001,0xfd85,0x0002,0xfda5,0x0007,0xfdc6,0x0009,0xfda5,0x0001,0xfda6,0x0001,0xfd84,0x0001,0xeed7,
    0x0001,0xe73e,0x0001,0xe71c,0x0002,0xe73d,0x0001,0xe71c,0x0001,0xffdf,0x0003,0xffff,0x0003,0xe73d,0x0001,0xe73c,
    0x0001,0xe73d,0x0001,0xe71b,0x0001,0xfdc7,0x000a,0xfda5,0x0001,0xfdc6,0x0006,0xfde6,0x0001,0xfdc6,0x0002,0xfda5,
    0x0001,0xfdc6,0x0001,0xfde6,0x0004,0xfdc6,0x0001,0xfde6,0x0004,0xfda5,0x0001,0xfdc5,0x0002,0xfda5,0x0001,0xfdc5,
    0x0002,0xfda5,0x0001,0xfd84,0x0001,0xeeb7,0x0001,0xe73e,0x0001,0xe71c,0x0002,0xe73d,0x0001,0xe71c,0x0001,0xffdf,
    0x0003,0xffff,0x0003,0xe73d,0x0001,0xe73c,0x0001,0xe73d,0x0001,0xe71b,0x0001,0xf62d,0x0008,0xfe0c,0x0001,0xf60c,
    0x0001,0xfe2c,0x0001,0xe58a,0x0001,0xccc7,0x0004,0xd4e7,0x0001,0xccc7,0x0001,0xdd29,0x0001,0xfe2c,0x0001,0xf60c,
    0x0001,0xd508,0x0006,0xd4e7,0x0001,0xedcb,0x0002,0xfe2c,0x0001,0xf60c,0x0004,0xedcb,0x0001,0xf5eb,0x0001,0xfe4d,
    0x0001,0xf60b,0x0001,0xe6d8,0x0001,0xe73d,0x0001,0xe71c,0x0002,0xe73d,0x0001,0xe71c,0x0001,0xffdf,0x0003,0xffff,
    0x0006,0xe73d,0x0009,0xe73e,0x0001,0xdf3d,0x0001,0xef9f,0x0001,0x94d5,0x0001,0x3a0a,0x0001,0x4a8c,0x0002,0x426c,
    0x0001,0x4a8c,0x0001,0x3a2b,0x0001,0x6bb0,0x0001,0xef7f,0x0001,0xd6dc,0x0001,0x52cd,0x0001,0x426b,0x0001,0x428c,
    0x0002,0x426c,0x0001,0x428c,0x0001,0x3a2b,0x0001,0xbdf9,0x0001,0xef9f,0x0001,0xd6dc,0x0001,0x6bb0,0x0001,0x52cd,
    0x0001,0x5b0e,0x0001,0x52ee,0x0001,0x52ed,0x0001,0x5b0e,0x0001,0xc63a,0x0001,0xe75e,0x0001,0xe71d,0x0004,0xe73d,
    0x0001,0xe71c,0x0001,0xffdf,0x0003,0xffff,0x0006,0xe73d,0x0009,0xe73c,0x0001,0xdf1c,0x0001,0xef7e,0x0001,0x9cf4,
    0x0001,0x424a,0x0001,0x52ac,0x0002,0x52ab,0x0001,0x52ac,0x0001,0x4a6a,0x0001,0x73d0,0x0001,0xef7d,0x0001,0xd6db,
    0x0001,0x5aec,0x0001,0x4a8b,0x0004,0x52ab,0x0001,0x4a6b,0x0001,0xbdf8,0x0001,0xf7bf,0x0001,0x94d3,0x0001,0x3a09,
    0x0004,0x4a8b,0x0001,0x422a,0x0001,0x73af,0x0001,0xef7d,0x0001,0xe71c,0x0004,0xe73d,0x0001,0xe71c,0x0001,0xffdf,
    0x0003,0xffff,0x000f,0xe73d,0x0001,0xdf1c,0x0001,0xef7e,0x0001,0x9cf4,0x0001,0x424a,0x0001,0x52ac,0x0002,0x4a8b,
    0x0001,0x52ac,0x0001,0x424a,0x0001,0x73d0,0x0001,0xef7e,0x0001,0xd6db,0x0001,0x5aec,0x0001,0x4a8b,0x0001,0x4aab,
    0x0002,0x4a8b,0x0001,0x4aab,0x0001,0x426b,0x0001,0xbdf8,0x0001,0xf7bf,0x0001,0x94d4,0x0001,0x424a,0x0001,0x52ac,
    0x0002,0x4aab,0x0001,0x52ac,0x0001,0x426b,0x0001,0x73d0,0x0001,0xef5d,0x0001,0xe71c,0x0004,0xe73d,0x0001,0xe71c,
    0x0001,0xffdf,0x0003,0xffff,0x0009,0xe73d,0x0005,0xe71c,0x0001,0xe73d,0x0001,0xdf1c,0x0001,0xef7e,0x0001,0x9cf4,
    0x0001,0x424a,0x0001,0x52ac,0x0002,0x4a8b,0x0001,0x52ac,0x0001,0x424a,0x0001,0x73d0,0x0001,0xef7e,0x0001,0xd6db,
    0x0001,0x5aec,0x0001,0x4a8b,0x0001,0x4aab,0x0002,0x4a8b,0x0001,0x4aab,0x0001,0x426b,0x0001,0xbdf8,0x0001,0xf7bf,
    0x0001,0x94d4,0x0001,0x424a,0x0001,0x52ac,0x0002,0x4a8b,0x0001,0x52ac,0x0001,0x424a,0x0001,0x73d0,0x0001,0xef5d,
    0x0001,0xe71c,0x0004,0xe73d,0x0001,0xe71c,0x0001,0xffdf,0x0003,0xffff,0x0008,0xe73d,0x0001,0xe71c,0x0005,0xe73d,
    0x0001,0xe71c,0x0001,0xdf1c,0x0001,0xef7e,0x0001,0x9cf4,0x0001,0x424a,0x0001,0x52ac,0x0002,0x4a8b,0x0001,0x52ac,
    0x0001,0x424a,0x0001,0x73d0,0x0001,0xef7e,0x0001,0xd6db,0x0001,0x5aec,0x0001,0x4a8b,0x0001,0x4aab,0x0002,0x4a8b,
    0x0001,0x4aab,0x0001,0x426b,0x0001,0xbdf8,0x0001,0xf7bf,0x0001,0x94d4,0x0001,0x424a,0x0001,0x52ac,0x0002,0x4a8b,
    0x0001,0x52ac,0x0001,0x424a,0x0001,0x73d0,0x0001,0xef5d,0x0001,0xe71c,0x0004,0xe73d,0x0001,0xe71c,0x0001,0xffdf,
    0x0003,0xffff,0x0008,0xe73d,0x0001,0xef5d,0x0001,0xdefc,0x0004,0xdedb,0x0001,0xe75d,0x0001,0xe73d,0x0001,0xef7e,
    0x0001,0x9cf4,0x0001,0x424a,0x0001,0x52ac,0x0002,0x4a8b,0x0001,0x52ac,0x0001,0x424a,0x0001,0x73d0,0x0001,0xef7e,
    0x0001,0xd6db,0x0001,0x5aec,0x0001,0x4a8b,0x0001,0x4aab,0x0002,0x4a8b,0x0001,0x4aab,0x0001,0x426b,0x0001,0xbdf8,
    0x0001,0xf7bf,0x0001,0x94d4,0x0001,0x424a,0x0001,0x52ac,0x0002,0x4a8b,0x0001,0x52ac,0x0001,0x424a,0x0001,0x73d0,
    0x0001,0xef5d,0x0001,0xe71c,0x0004,0xe73d,0x0001,0xe71c,0x0001,0xffdf,0x0003,0xffff,0x0006,0xe73d,0x0001,0xe71c,
    0x0001,0xef5d,0x0001,0xa556,0x0001,0x52cc,0x0001,0x5aed,0x0001,0x5aec,0x0001,0x5aed,0x0001,0x52ac,0x0001,0x8c72,
    0x0001,0xe71c,0x0001,0xef7e,0x0001,0x9cd4,0x0001,0x424a,0x0001,0x52ac,0x0002,0x4a8b,0x0001,0x52ac,0x0001,0x424a,
    0x0001,0x73d0,0x0001,0xef7e,0x0001,0xd6db,0x0001,0x5aec,0x0001,0x4a8b,0x0001,0x4aab,0x0002,0x4a8b,0x0001,0x4aab,
    0x0001,0x426b,0x0001,0xbdf8,0x0001,0xf7bf,0x0001,0x94d4,0x0001,0x424a,0x0001,0x52ac,0x0002,0x4a8b,0x0001,0x52ac,
    0x0001,0x424a,0x0001,0x73d0,0x0001,0xef5d,0x0001,0xe71c,0x0004,0xe73d,0x0001,0xe71c,0x0001,0xffdf,0x0003,0xffff,
    0x0005,0xe73d,0x0001,0xe71c,0x0001,0xe73d,0x0001,0xdefc,0x0001,0x52cc,0x0001,0x426b,0x0004,0x4a8b,0x0001,0x422a,
    0x0001,0xbdf8,0x0001,0xf7bf,0x0001,0x94d4,0x0001,0x424a,0x0001,0x52ac,0x0002,0x4a8b,0x0001,0x52ac,0x0001,0x424a,
    0x0001,0x73d0,0x0001,0xef7e,0x0001,0xd6db,0x0001,0x5aec,0x0001,0x4a8b,0x0001,0x4aab,0x0002,0x4a8b,0x0001,0x4aab,
    0x0001,0x426b,0x0001,0xbdf8,0x0001,0xf7bf,0x0001,0x94d4,0x0001,0x424a,0x0001,0x52ac,0x0002,0x4a8b,0x0001,0x52ac,
    0x0001,0x424a,0x0001,0x73d0,0x0001,0xef5d,0x0001,0xe71c,0x0004,0xe73d,0x0001,0xe71c,0x0001,0xffdf,0x0003,0xffff,
    0x0005,0xe73d,0x0001,0xe71c,0x0001,0xe73d,0x0001,0xdedb,0x0001,0x5aed,0x0001,0x4a8b,0x0001,0x52ac,0x0002,0x4aab,
    0x0001,0x52ac,0x0001,0x4a6b,0x0001,0xbdf8,0x0001,0xf7bf,0x0001,0x94d4,0x0001,0x424a,0x0001,0x52ac,0x0002,0x4a8b,
    0x0001,0x52ac,0x0001,0x424a,0x0001,0x73d0,0x0001,0xef7e,0x0001,0xd6db,0x0001,0x5aec,0x0001,0x4a8b,0x0001,0x4aab,
    0x0002,0x4a8b,0x0001,0x4aab,0x0001,0x426b,0x0001,0xbdf8,0x0001,0xf7bf,0x0001,0x94d4,0x0001,0x424a,0x0001,0x52ac,
    0x0002,0x4a8b,0x0001,0x52ac,0x0001,0x424a,0x0001,0x73d0,0x0001,0xef5d,0x0001,0xe71c,0x0004,0xe73d,0x0001,0xe71c,
    0x0001,0xffdf,0x0003,0xffff,0x0005,0xe73d,0x0001,0xe71c,0x0001,0xe73d,0x0001,0xdedb,0x0001,0x5aec,0x0001,0x4a8b,
    0x0001,0x4aab,0x0002,0x4a8b,0x0001,0x4aab,0x0001,0x426b,0x0001,0xbdf8,0x0001,0xf7bf,0x0001,0x94d4,0x0001,0x424a,
    0x0001,0x52ac,0x0002,0x4a8b,0x0001,0x52ac,0x0001,0x424a,0x0001,0x73d0,0x0001,0xef7e,0x0001,0xd6db,0x0001,0x5aec,
    0x0001,0x4a8b,0x0001,0x4aab,0x0002,0x4a8b,0x0001,0x4aab,0x0001,0x426b,0x0001,0xbdf8,0x0001,0xf7bf,0x0001,0x94d4,
    0x0001,0x424a,0x0001,0x52ac,0x0002,0x4a8b,0x0001,0x52ac,0x0001,0x424a,0x0001,0x73d0,0x0001,0xef5d,0x0001,0xe71c,
    0x0004,0xe73d,0x0001,0xe71c,0x0001,0xffdf,0x0003,0xffff,0x0005,0xe73d,0x0001,0xe71c,0x0001,0xe73d,0x0001,0xdedb,
    0x0001,0x5aec,0x0001,0x4a8b,0x0001,0x4aab,0x0002,0x4a8b,0x0001,0x4aab,0x0001,0x426b,0x0001,0xbdf8,0x0001,0xf7bf,
    0x0001,0x94d4,0x0001,0x424a,0x0001,0x52ac,0x0002,0x4a8b,0x0001,0x52ac,0x0001,0x424a,0x0001,0x73d0,0x0001,0xef7e,
    0x0001,0xd6db,0x0001,0x5aec,0x0001,0x4a8b,0x0001,0x4aab,0x0002,0x4a8b,0x0001,0x4aab,0x0001,0x426b,0x0001,0xbdf8,
    0x0001,0xf7bf,0x0001,0x94d4,0x0001,0x424a,0x0001,0x52ac,0x0002,0x4a8b,0x0001,0x52ac,0x0001,0x424a,0x0001,0x73d0,
    0x0001,0xef5d,0x0001,0xe71c,0x0004,0xe73d,0x0001,0xe71c,0x0001,0xffdf,0x0003,0xffff,0x0005,0xe73d,0x0001,0xe71c,
    0x0001,0xe73d,0x0001,0xdedb,0x0001,0x5aec,0x0001,0x4a8b,0x0001,0x4aab,0x0002,0x4a8b,0x0001,0x4aab,0x0001,0x426b,
    0x0001,0xbdf8,0x0001,0xf7bf,0x0001,0x94d4,0x0001,0x424a,0x0001,0x52ac,0x0002,0x4a8b,0x0001,0x52ac,0x0001,0x424a,
    0x0001,0x73d0,0x0001,0xef7e,0x0001,0xd6db,0x0001,0x5aec,0x0001,0x4a8b,0x0001,0x4aab,0x0002,0x4a8b,0x0001,0x4aab,
    0x0001,0x426b,0x0001,0xbdf8,0x0001,0xf7bf,0x0001,0x94d4,0x0001,0x424a,0x0001,0x52ac,0x0002,0x4a8b,0x0001,0x52ac,
    0x0001,0x424a,0x0001,0x73d0,0x0001,0xef5d,0x0001,0xe71c,0x0004,0xe73d,0x0001,0xe71c,0x0001,0xffdf,0x0003,0xffff,
    0x0005,0xe73d,0x0001,0xe71c,0x0001,0xe73d,0x0001,0xdedb,0x0001,0x5aec,0x0001,0x4a8b,0x0001,0x4aab,0x0002,0x4a8b,
    0x0001,0x4aab,0x0001,0x426b,0x0001,0xbdf8,0x0001,0xf7bf,0x0001,0x94d4,0x0001,0x424a,0x0001,0x52ac,0x0002,0x4a8b,
    0x0001,0x52ac,0x0001,0x424a,0x0001,0x73d0,0x0001,0xef7e,0x0001,0xd6db,0x0001,0x5aec,0x0001,0x4a8b,0x0001,0x4aab,
    0x0002,0x4a8b,0x0001,0x4aab,0x0001,0x426b,0x0001,0xbdf8,0x0001,0xf7bf,0x0001,0x94d4,0x0001,0x424a,0x0001,0x52ac,
    0x0002,0x4a8b,0x0001,0x52ac,0x0001,0x424a,0x0001,0x73d0,0x0001,0xef5d,0x0001,0xe71c,0x0004,0xe73d,0x0001,0xe71c,
    0x0001,0xffdf,0x0003,0xffff,0x0005,0xe73d,0x0001,0xe71c,0x0001,0xe73d,0x0001,0xdedb,0x0001,0x5aec,0x0001,0x4a8b,
    0x0001,0x4aab,0x0002,0x4a8b,0x0001,0x4aab,0x0001,0x426b,0x0001,0xbdf8,0x0001,0xf7bf,0x0001,0x94d4,0x0001,0x424a,
    0x0001,0x52ac,0x0002,0x4a8b,0x0001,0x52ac,0x0001,0x424a,0x0001,0x73d0,0x0001,0xef7e,0x0001,0xd6db,0x0001,0x5aec,
    0x0001,0x4a8b,0x0001,0x4aab,0x0002,0x4a8b,0x0001,0x4aab,0x0001,0x426b,0x0001,0xbdf8,0x0001,0xf7bf,0x0001,0x94d4,
    0x0001,0x424a,0x0001,0x52ac,0x0002,0x4a8b,0x0001,0x52ac,0x0001,0x424a,0x0001,0x73d0,0x0001,0xef5d,0x0001,0xe71c,
    0x0004,0xe73d,0x0001,0xe71c,0x0001,0xffdf,0x0003,0xffff,0x0005,0xe73d,0x0001,0xe71c,0x0001,0xe73d,0x0001,0xdedb,
    0x0001,0x5aec,0x0001,0x4a8b,0x0001,0x4aab,0x0002,0x4a8b,0x0001,0x4aab,0x0001,0x426b,0x0001,0xbdf8,0x0001,0xf7bf,
    0x0001,0x94d4,0x0001,0x424a,0x0001,0x52ac,0x0002,0x4a8b,0x0001,0x52ac,0x0001,0x424a,0x0001,0x73d0,0x0001,0xef7e,
    0x0001,0xd6db,0x0001,0x5aec,0x0001,0x4a8b,0x0001,0x4aab,0x0002,0x4a8b,0x0001,0x4aab,0x0001,0x426b,0x0001,0xbdf8,
    0x0001,0xf7bf,0x0001,0x94d4,0x0001,0x424a,0x0001,0x52ac,0x0002,0x4a8b,0x0001,0x52ac,0x0001,0x424a,0x0001,0x73d0,
    0x0001,0xef5d,0x0001,0xe71c,0x0004,0xe73d,0x0001,0xe71c,0x0001,0xffdf,0x0003,0xffff,0x0005,0xe73d,0x0001,0xe71c,
    0x0001,0xe73d,0x0001,0xdedb,0x0001,0x5aec,0x0001,0x4a8b,0x0001,0x4aab,0x0002,0x4a8b,0x0001,0x4aab,0x0001,0x426b,
    0x0001,0xbdf8,0x0001,0xf7bf,0x0001,0x94d4,0x0001,0x424a,0x0001,0x52ac,0x0002,0x4a8b,0x0001,0x52ac,0x0001,0x424a,
    0x0001,0x73d0,0x0001,0xef7e,0x0001,0xd6db,0x0001,0x5aec,0x0001,0x4a8b,0x0001,0x4aab,0x0002,0x4a8b,0x0001,0x4aab,
    0x0001,0x426b,0x0001,0xbdf8,0x0001,0xf7bf,0x0001,0x94d4,0x0001,0x424a,0x0001,0x52ac,0x0002,0x4a8b,0x0001,0x52ac,
    0x0001,0x424a,0x0001,0x73d0,0x0001,0xef5d,0x0001,0xe71c,0x0004,0xe73d,0x0001,0xe71c,0x0001,0xffdf,0x0003,0xffff,
    0x0005,0xe73d,0x0001,0xe71c,0x0001,0xe73d,0x0001,0xdedb,0x0001,0x5aec,0x0001,0x4a8b,0x0001,0x4aab,0x0002,0x4a8b,
    0x0001,0x4aab,0x0001,0x426b,0x0001,0xbdf8,0x0001,0xf7bf,0x0001,0x94d4,0x0001,0x424a,0x0001,0x52ac,0x0002,0x4a8b,
    0x0001,0x52ac,0x0001,0x424a,0x0001,0x73d0,0x0001,0xef7e,0x0001,0xd6db,0x0001,0x5aec,0x0001,0x4a8b,0x0001,0x4aab,
    0x0002,0x4a8b,0x0001,0x4aab,0x0001,0x426b,0x0001,0xbdf8,0x0001,0xf7bf,0x0001,0x94d4,0x0001,0x424a,0x0001,0x52ac,
    0x0002,0x4a8b,0x0001,0x52ac,0x0001,0x424a,0x0001,0x73d0,0x0001,0xef5d,0x0001,0xe71c,0x0004,0xe73d,0x0001,0xe71c,
    0x0001,0xffdf,0x0003,0xffff,0x0005,0xe73d,0x0001,0xe71c,0x0001,0xe73d,0x0001,0xdedb,0x0001,0x5aed,0x0001,0x4a8b,
    0x0001,0x4aab,0x0002,0x4a8b,0x0001,0x4aab,0x0001,0x4a6b,0x0001,0xbdf8,0x0001,0xf7bf,0x0001,0x94d4,0x0001,0x424a,
    0x0001,0x52ac,0x0002,0x4a8b,0x0001,0x52ac,0x0001,0x424a,0x0001,0x73d0,0x0001,0xef7e,0x0001,0xd6db,0x0001,0x5aed,
    0x0001,0x4a8b,0x0001,0x4aab,0x0002,0x4a8b,0x0001,0x4aab,0x0001,0x4a6b,0x0001,0xbdf8,0x0001,0xf7bf,0x0001,0x94d4,
    0x0001,0x424a,0x0001,0x52ac,0x0002,0x4a8b,0x0001,0x52ac,0x0001,0x424a,0x0001,0x73d0,0x0001,0xef5d,0x0001,0xe71c,
    0x0004,0xe73d,0x0001,0xe71c,0x0001,0xffdf,0x0003,0xffff,0x0005,0xe73d,0x0001,0xe71c,0x0001,0xe73d,0x0001,0xd6db,
    0x0001,0x52ac,0x0001,0x4a8b,0x0001,0x52ac,0x0002,0x4aab,0x0001,0x52ac,0x0001,0x422a,0x0001,0xb5d7,0x0001,0xf7df,
    0x0001,0x94b3,0x0001,0x422a,0x0001,0x52ac,0x0002,0x4aab,0x0001,0x52ac,0x0001,0x424a,0x0001,0x6b8f,0x0001,0xef7e,
    0x0001,0xd6db,0x0001,0x52ac,0x0001,0x4a8b,0x0001,0x52ac,0x0002,0x4aab,0x0001,0x52ac,0x0001,0x422a,0x0001,0xb5d7,
    0x0001,0xf7df,0x0001,0x94b3,0x0001,0x422a,0x0001,0x52ac,0x0002,0x4aab,0x0001,0x52ac,0x0001,0x424a,0x0001,0x6b8f,
    0x0001,0xef5d,0x0001,0xe71c,0x0004,0xe73d,0x0001,0xe71c,0x0001,0xffdf,0x0003,0xffff,0x0006,0xe73d,0x0001,0xe71c,
    0x0001,0xe75d,0x0001,0x8c72,0x0001,0x422a,0x0001,0x4a6b,0x0001,0x426b,0x0001,0x4a6b,0x0001,0x422a,0x0001,0x6b8f,
    0x0001,0xdefc,0x0001,0xef5d,0x0001,0xc659,0x0001,0x52cc,0x0001,0x424a,0x0002,0x4a6b,0x0002,0x426b,0x0001,0xad76,
    0x0001,0xef5d,0x0001,0xe73d,0x0001,0x8c72,0x0001,0x422a,0x0001,0x4a6b,0x0001,0x426b,0x0001,0x4a6b,0x0001,0x422a,
    0x0001,0x6b8f,0x0001,0xdefc,0x0001,0xef5d,0x0001,0xc659,0x0001,0x52cc,0x0001,0x424a,0x0002,0x4a6b,0x0002,0x426b,
    0x0001,0xad76,0x0001,0xef5d,0x0001,0xe71c,0x0004,0xe73d,0x0001,0xe71c,0x0001,0xf7bf,0x0002,0xffff,0x0001,0xffdf,
    0x0001,0xdefc,0x0005,0xe73d,0x0001,0xe71c,0x0002,0xe73d,0x0001,0xbe18,0x0004,0xbdf8,0x0001,0xdefc,0x0001,0xe75d,
    0x0001,0xe71c,0x0001,0xef5d,0x0001,0xce9a,0x0004,0xbdf8,0x0001,0xc639,0x0001,0xef5d,0x0001,0xe71c,0x0002,0xe73d,
    0x0001,0xbe18,0x0004,0xbdf8,0x0001,0xdefc,0x0001,0xe75d,0x0001,0xe71c,0x0001,0xef5d,0x0001,0xce9a,0x0004,0xbdf8,
    0x0001,0xc639,0x0001,0xef5d,0x0006,0xe73d,0x0001,0xdefc,0x0001,0xf79e,0x0002,0xffff,0x0001,0xffdf,0x0001,0xdedb,
    0x0008,0xe73d,0x0004,0xef7d,0x0001,0xef7e,0x0001,0xe73d,0x0001,0xe71c,0x0001,0xe73d,0x0001,0xe71c,0x0001,0xe75d,
    0x0001,0xef7e,0x0002,0xef7d,0x0001,0xef7e,0x0001,0xef5d,0x0001,0xe71c,0x0003,0xe73d,0x0004,0xef7d,0x0001,0xef7e,
    0x0001,0xe73d,0x0001,0xe71c,0x0001,0xe73d,0x0001,0xe71c,0x0001,0xe75d,0x0001,0xef7e,0x0002,0xef7d,0x0001,0xef7e,
    0x0001,0xef5d,0x0001,0xe71c,0x0006,0xe73d,0x0001,0xdedb,0x0001,0xf79e,0x0003,0xffff,0x0001,0xdedb,0x0001,0xdf1c,
    0x0007,0xe73d,0x0006,0xe71c,0x0003,0xe73d,0x0006,0xe71c,0x0004,0xe73d,0x0006,0xe71c,0x0003,0xe73d,0x0006,0xe71c,
    0x0007,0xe73d,0x0001,0xd6bb,0x0001,0xffdf,0x0003,0xffff,0x0001,0xe71c,0x0001,0xd6bb,0x002f,0xe73d,0x0001,0xdefc,
    0x0001,0xd6db,0x0004,0xffff,0x0001,0xf7be,0x0001,0xc659,0x0001,0xdf1c,0x002e,0xe73d,0x0001,0xce59,0x0001,0xef5d,
    0x0005,0xffff,0x0001,0xdedb,0x0001,0xc659,0x002d,0xe73d,0x0001,0xce9a,0x0001,0xce7a,0x0006,0xffff,0x0001,0xffdf,
    0x0001,0xce7a,0x0001,0xce59,0x0001,0xe71c,0x002a,0xe73d,0x0001,0xd69a,0x0001,0xc639,0x0001,0xf7be,0x0007,0xffff,
    0x0001,0xf7be,0x0002,0xc659,0x0001,0xdefc,0x0027,0xe73d,0x0001,0xdf1c,0x0001,0xce7a,0x0001,0xc618,0x0001,0xef5d,
    0x0009,0xffff,0x0001,0xf7be,0x0001,0xce59,0x0001,0xc639,0x0001,0xce9a,0x0001,0xdedb,0x0001,0xdf1c,0x0021,0xe73d,
    0x0001,0xe71c,0x0001,0xdefc,0x0001,0xd69a,0x0002,0xc639,0x0001,0xef5d,0x000b,0xffff,0x0001,0xffdf,0x0001,0xd6bb,
    0x0001,0xc639,0x0001,0xc618,0x0001,0xc639,0x0001,0xce7a,0x0001,0xce9a,0x001d,0xce7a,0x0001,0xce9a,0x0001,0xce7a,
    0x0001,0xc659,0x0001,0xc619,0x0001,0xc618,0x0001,0xce9a,0x0001,0xf79e,0x000e,0xffff,0x0001,0xf79e,0x0001,0xdefb,
    0x0001,0xce7a,0x0001,0xc659,0x0020,0xc639,0x0001,0xce7a,0x0001,0xd6db,0x0001,0xef5d,0x0013,0xffff,0x0001,0xf7be,
    0x0001,0xef9e,0x001d,0xf79e,0x0001,0xef9e,0x0001,0xf79e,0x000b,0xffff,
};
const icon_t icon_statistics = { 1261, statistics_rle };

static const uint16_t python_rle[] = {
    0x000c,0xffff,0x001f,0xf79e,0x0001,0xffdf,0x0013,0xffff,0x0001,0xf79e,0x0001,0xbdf8,0x0001,0x8452,0x0001,0x6b8f,
    0x0001,0x5aed,0x001d,0x5b0d,0x0001,0x5aed,0x0001,0x634e,0x0001,0x7c11,0x0001,0xad76,0x0001,0xe73c,0x000f,0xffff,
    0x0001,0xa555,0x0001,0x5aec,0x0001,0x422a,0x0001,0x424a,0x0001,0x426b,0x0001,0x4a8b,0x001d,0x4a6b,0x0001,0x4a8b,
    0x0001,0x4a6b,0x0001,0x424a,0x0001,0x422a,0x0001,0x4a8b,0x0001,0x8c93,0x0001,0xf79e,0x000b,0xffff,0x0001,0xf7be,
    0x0001,0x7c11,0x0001,0x422a,0x0001,0x4a8b,0x0002,0x52ac,0x0021,0x4aab,0x0002,0x52ac,0x0001,0x4a8b,0x0001,0x422a,
    0x0001,0x632e,0x0001,0xdefb,0x0009,0xffff,0x0001,0xf79e,0x0001,0x73af,0x0001,0x422a,0x0001,0x52ac,0x0001,0x4aab,
    0x0026,0x4a8b,0x0001,0x52ac,0x0001,0x424a,0x0001,0x52cc,0x0001,0xdefb,0x0008,0xffff,0x0001,0x7c11,0x0001,0x422a,
    0x0001,0x52cc,0x0029,0x4a8b,0x0001,0x52ac,0x0001,0x426b,0x0001,0x5aed,0x0001,0xef7e,0x0006,0xffff,0x0001,0xad76,
    0x0001,0x422a,0x0001,0x52ac,0x002b,0x4a8b,0x0001,0x52ac,0x0001,0x424a,0x0001,0x7c11,0x0005,0xffff,0x0001,0xf79e,
    0x0001,0x5aed,0x0001,0x4a8b,0x0001,0x4aab,0x002c,0x4a8b,0x0001,0x52ac,0x0001,0x424a,0x0001,0xd69a,0x0004,0xffff,
    0x0001,0xbdf8,0x0001,0x422a,0x0001,0x52ac,0x002d,0x4a8b,0x0001,0x52ac,0x0001,0x424a,0x0001,0x8c93,0x0004,0xffff,
    0x0001,0x8452,0x0001,0x424a,0x0001,0x52ac,0x002d,0x4a8b,0x0001,0x4aab,0x0001,0x4a6b,0x0001,0x632d,0x0001,0xffdf,
    0x0002,0xffff,0x0001,0xffdf,0x0001,0x6b6e,0x0001,0x4a6b,0x0001,0x4aab,0x0006,0x4a8b,0x0001,0x52ab,0x0001,0x4aab,
    0x0005,0x4a8b,0x0001,0x52ab,0x0005,0x4a8b,0x0001,0x4aab,0x0001,0x52ab,0x001b,0x4a8b,0x0001,0xe71c,0x0002,0xffff,
    0x0001,0xf79e,0x0001,0x52cc,0x0001,0x4a8b,0x0001,0x4aab,0x0006,0x4a8b,0x0001,0x426c,0x0001,0x4a8b,0x0001,0x52ab,
    0x0002,0x4a8b,0x0001,0x4aab,0x0001,0x4a8b,0x0001,0x426c,0x0001,0x52ab,0x0001,0x4aab,0x0002,0x4a8b,0x0001,0x4aab,
    0x0002,0x426c,0x0001,0x52ab,0x0018,0x4a8b,0x0001,0x52ac,0x0001,0x424a,0x0001,0xd69a,0x0002,0xffff,0x0001,0xf7be,
    0x0001,0x5aed,0x0001,0x4a8b,0x0001,0x4aab,0x0005,0x4a8b,0x0001,0x52ab,0x0001,0xac48,0x0001,0x5acb,0x0001,0x424c,
    0x0002,0x52ab,0x0001,0x426c,0x0001,0x8baa,0x0001,0x93c9,0x0001,0x3a4c,0x0001,0x4a8b,0x0001,0x52ab,0x0001,0x4a8b,
    0x0001,0x426b,0x0001,0xa409,0x0001,0x7b4a,0x0001,0x3a4c,0x0001,0x4a8b,0x0001,0x52ab,0x0016,0x4a8b,0x0001,0x52ac,
    0x0001,0x424a,0x0001,0xd6ba,0x0002,0xffff,0x0001,0xf7be,0x0001,0x5aed,0x0001,0x4a8b,0x0001,0x4aab,0x0006,0x4a8b,
    0x0001,0xb448,0x0001,0xed86,0x0001,0x8ba9,0x0001,0x426c,0x0002,0x4a8b,0x0001,0x6b2a,0x0001,0xe567,0x0001,0xc4c8,
    0x0001,0x5acb,0x0001,0x426c,0x0001,0x52ab,0x0001,0x426c,0x0001,0x8ba9,0x0001,0xf586,0x0001,0xac49,0x0001,0x4a8b,
    0x0001,0x426c,0x0001,0x4aab,0x0015,0x4a8b,0x0001,0x52ac,0x0001,0x424a,0x0001,0xd6ba,0x0002,0xffff,0x0001,0xf7be,
    0x0001,0x5aed,0x0001,0x4a8b,0x0001,0x4aab,0x0006,0x4a8b,0x0001,0x426c,0x0001,0x7b6a,0x0001,0xdd27,0x0001,0xbc88,
    0x0001,0x5acb,0x0001,0x4a8b,0x0001,0x426b,0x0001,0x52ab,0x0001,0xb468,0x0001,0xdd27,0x0001,0x838a,0x0001,0x4a8b,
    0x0001,0x52ab,0x0001,0x426c,0x0001,0x62eb,0x0002,0xcce7,0x0001,0x6b0a,0x0001,0x4a8b,0x0001,0x4aab,0x0014,0x4a8b,
    0x0001,0x52ac,0x0001,0x424a,0x0001,0xd6ba,0x0002,0xffff,0x0001,0xf7be,0x0001,0x5aed,0x0001,0x4a8b,0x0001,0x4aab,
    0x0006,0x4a8b,0x0001,0x52ab,0x0001,0x320c,0x0001,0x734a,0x0001,0xfe06,0x0001,0x836a,0x0001,0x426c,0x0001,0x52ab,
    0x0001,0x426c,0x0001,0x3a2c,0x0001,0xd507,0x0001,0xe527,0x0001,0x426c,0x0001,0x4a8b,0x0001,0x52ab,0x0001,0x3a2c,
    0x0001,0x52ab,0x0001,0xfdc6,0x0001,0xb448,0x0001,0x424c,0x0001,0x52ab,0x0014,0x4a8b,0x0001,0x52ac,0x0001,0x424a,
    0x0001,0xd6ba,0x0002,0xffff,0x0001,0xf7be,0x0001,0x5aed,0x0001,0x4a8b,0x0001,0x4aab,0x0007,0x4a8b,0x0001,0xb468,
    0x0001,0xed66,0x0001,0x83aa,0x0001,0x4a8b,0x0001,0x52ab,0x0001,0x426c,0x0001,0x734a,0x0001,0xe547,0x0001,0xc4a8,
    0x0001,0x5acb,0x0001,0x4a8b,0x0001,0x4aab,0x0001,0x426c,0x0001,0x93c9,0x0001,0xed86,0x0001,0xa429,0x0001,0x52ab,
    0x0016,0x4a8b,0x0001,0x52ac,0x0001,0x424a,0x0001,0xd6ba,0x0002,0xffff,0x0001,0xf7be,0x0001,0x5aed,0x0001,0x4a8b,
    0x0001,0x4aab,0x0006,0x4a8b,0x0001,0xd4e7,0x0001,0xcce7,0x0001,0x5acb,0x0001,0x426c,0x0001,0x52ab,0x0001,0x426c,
    0x0001,0x838a,0x0001,0xf586,0x0001,0x8bc9,0x0001,0x426c,0x0001,0x4a8b,0x0001,0x52ab,0x0001,0x426c,0x0001,0xac48,
    0x0001,0xe567,0x0001,0x734a,0x0001,0x424c,0x0017,0x4a8b,0x0001,0x52ac,0x0001,0x424a,0x0001,0xd6ba,0x0002,0xffff,
    0x0001,0xf7be,0x0001,0x5aed,0x0001,0x4a8b,0x0001,0x4aab,0x0005,0x4a8b,0x0001,0x52ab,0x0001,0x7b6a,0x0001,0x426c,
    0x0001,0x4a8b,0x0001,0x52ab,0x0002,0x4a8b,0x0001,0x732a,0x0001,0x630b,0x0001,0x3a4c,0x0001,0x52ab,0x0001,0x4aab,
    0x0002,0x4a8b,0x0001,0x7b6a,0x0001,0x52ab,0x0001,0x426c,0x0001,0x52ab,0x0017,0x4a8b,0x0001,0x52ac,0x0001,0x424a,
    0x0001,0xd6ba,0x0002,0xffff,0x0001,0xf7be,0x0001,0x5aed,0x0001,0x4a8b,0x0001,0x4aab,0x0006,0x4a8b,0x0001,0x426c,
    0x0002,0x4aab,0x0002,0x4a8b,0x0001,0x4aab,0x0002,0x4a8b,0x0001,0x52ab,0x0004,0x4a8b,0x0001,0x426c,0x0001,0x4a8b,
    0x0001,0x52ab,0x0018,0x4a8b,0x0001,0x52ac,0x0001,0x424a,0x0001,0xd6ba,0x0002,0xffff,0x0001,0xf7be,0x0001,0x5aed,
    0x0001,0x4a8b,0x0001,0x4aab,0x0006,0x4a8b,0x0001,0x52ab,0x0005,0x4a8b,0x0002,0x4aab,0x0005,0x4a8b,0x0001,0x52ab,
    0x001a,0x4a8b,0x0001,0x52ac,0x0001,0x424a,0x0001,0xd6ba,0x0002,0xffff,0x0001,0xf7be,0x0001,0x5aed,0x0001,0x4a8b,
    0x0001,0x4aab,0x0006,0x4a8b,0x001c,0x4aab,0x000c,0x4a8b,0x0001,0x52ac,0x0001,0x424a,0x0001,0xd6ba,0x0002,0xffff,
    0x0001,0xf7be,0x0001,0x5aed,0x0001,0x4a8b,0x0001,0x4aab,0x0005,0x4a8b,0x0001,0x52ab,0x001c,0x4a8b,0x0002,0x4aab,
    0x000a,0x4a8b,0x0001,0x52ac,0x0001,0x424a,0x0001,0xd6ba,0x0002,0xffff,0x0001,0xf7be,0x0001,0x5aed,0x0001,0x4a8b,
    0x0001,0x4aab,0x0005,0x4a8b,0x0001,0x426b,0x0001,0x5aec,0x001b,0x5aed,0x0001,0x4a6b,0x0001,0x4a8b,0x0001,0x4aab,
    0x0009,0x4a8b,0x0001,0x52ac,0x0001,0x424a,0x0001,0xd6ba,0x0002,0xffff,0x0001,0xf7be,0x0001,0x5aed,0x0001,0x4a8b,
    0x0001,0x4aab,0x0003,0x4a8b,0x0001,0x52ac,0x0001,0x426a,0x0001,0x94b3,0x0002,0xf79e,0x0018,0xf7be,0x0001,0xf79e,
    0x0001,0xf7be,0x0001,0xb5d7,0x0001,0x4a8b,0x0001,0x4aab,0x0009,0x4a8b,0x0001,0x52ac,0x0001,0x424a,0x0001,0xd6ba,
    0x0002,0xffff,0x0001,0xf7be,0x0001,0x5aed,0x0001,0x4a8b,0x0001,0x4aab,0x0002,0x4a8b,0x0001,0x4aab,0x0001,0x4a8b,
    0x0001,0x5aed,0x0001,0xffdf,0x001d,0xffff,0x0001,0x7c11,0x0001,0x424a,0x0001,0x52ac,0x0008,0x4a8b,0x0001,0x52ac,
    0x0001,0x424a,0x0001,0xd6ba,0x0002,0xffff,0x0001,0xf7be,0x0001,0x5aed,0x0001,0x4a8b,0x0001,0x4aab,0x0002,0x4a8b,
    0x0001,0x4aab,0x0001,0x4a8b,0x0001,0x52cc,0x0001,0xef7d,0x001d,0xffff,0x0001,0x73af,0x0001,0x426a,0x0001,0x52ac,
    0x0008,0x4a8b,0x0001,0x52ac,0x0001,0x424a,0x0001,0xd6ba,0x0002,0xffff,0x0001,0xf7be,0x0001,0x5aed,0x0001,0x4a8b,
    0x0001,0x4aab,0x0003,0x4a8b,0x0001,0x52ac,0x0001,0x426a,0x0001,0x73d0,0x0001,0xce9a,0x001b,0xd69a,0x0001,0x94b3,
    0x0001,0x424a,0x0001,0x52ac,0x0009,0x4a8b,0x0001,0x52ac,0x0001,0x424a,0x0001,0xd6ba,0x0002,0xffff,0x0001,0xf7be,
    0x0001,0x5aed,0x0001,0x4a8b,0x0001,0x4aab,0x0004,0x4a8b,0x0001,0x4aab,0x0001,0x4a6b,0x001d,0x424a,0x000b,0x4a8b,
    0x0001,0x52ac,0x0001,0x424a,0x0001,0xd6ba,0x0002,0xffff,0x0001,0xf7be,0x0001,0x5aed,0x0001,0x4a8b,0x0001,0x4aab,
    0x0005,0x4a8b,0x0001,0x52ac,0x0001,0x52cc,0x0001,0x52ac,0x0012,0x52cc,0x0001,0x52ac,0x0001,0x4aab,0x0004,0x52ac,
    0x0001,0x52ab,0x0002,0x52ac,0x000b,0x4a8b,0x0001,0x52ac,0x0001,0x424a,0x0001,0xd6ba,0x0002,0xffff,0x0001,0xf7be,
    0x0001,0x5aed,0x0001,0x4a8b,0x0001,0x4aab,0x0004,0x4a8b,0x0001,0x4aab,0x0001,0x4a8b,0x0014,0x422a,0x0001,0x4a6b,
    0x0001,0x52ac,0x0012,0x4a8b,0x0001,0x52ac,0x0001,0x424a,0x0001,0xd6ba,0x0002,0xffff,0x0001,0xf7be,0x0001,0x5aed,
    0x0001,0x4a8b,0x0001,0x4aab,0x0003,0x4a8b,0x0001,0x4aab,0x0001,0x4a6b,0x0001,0x5aed,0x0001,0xa535,0x0013,0xa555,
    0x0001,0x73af,0x0001,0x424a,0x0001,0x52ac,0x0011,0x4a8b,0x0001,0x52ac,0x0001,0x424a,0x0001,0xd6ba,0x0002,0xffff,
    0x0001,0xf7be,0x0001,0x5aed,0x0001,0x4a8b,0x0001,0x4aab,0x0005,0x4a8b,0x0001,0xd6bb,0x0014,0xffff,0x0001,0xf79e,
    0x0001,0x634e,0x0001,0x4a6b,0x0001,0x4aab,0x0010,0x4a8b,0x0001,0x52ac,0x0001,0x424a,0x0001,0xd6ba,0x0002,0xffff,
    0x0001,0xf7be,0x0001,0x5aed,0x0001,0x4a8b,0x0001,0x4aab,0x0002,0x4a8b,0x0001,0x4aab,0x0001,0x4a6b,0x0001,0x5b0d,
    0x0001,0xffff,0x0014,0xffdf,0x0001,0xffff,0x0001,0x8431,0x0001,0x424a,0x0001,0x52ac,0x0010,0x4a8b,0x0001,0x52ac,
    0x0001,0x424a,0x0001,0xd6ba,0x0002,0xffff,0x0001,0xf7be,0x0001,0x5aed,0x0001,0x4a8b,0x0001,0x4aab,0x0003,0x4a8b,
    0x0001,0x4aab,0x0001,0x4a6b,0x0001,0xb5d7,0x0014,0xffff,0x0001,0xdedb,0x0001,0x52cc,0x0001,0x4a8b,0x0001,0x4aab,
    0x0010,0x4a8b,0x0001,0x52ac,0x0001,0x424a,0x0001,0xd6ba,0x0002,0xffff,0x0001,0xf7be,0x0001,0x5aed,0x0001,0x4a8b,
    0x0001,0x4aab,0x0003,0x4a8b,0x0001,0x4aab,0x0002,0x4a8b,0x0014,0x7bf0,0x0001,0x52ec,0x0001,0x4a6b,0x0001,0x4aab,
    0x0011,0x4a8b,0x0001,0x52ac,0x0001,0x424a,0x0001,0xd6ba,0x0002,0xffff,0x0001,0xf7be,0x0001,0x5aed,0x0001,0x4a8b,
    0x0001,0x4aab,0x0004,0x4a8b,0x0001,0x4aab,0x0001,0x4a8b,0x0014,0x424a,0x0001,0x4a8b,0x0001,0x52ac,0x0001,0x4a8b,
    0x0001,0x4aab,0x0010,0x4a8b,0x0001,0x52ac,0x0001,0x424a,0x0001,0xd6ba,0x0002,0xffff,0x0001,0xf7be,0x0001,0x5aed,
    0x0001,0x4a8b,0x0001,0x4aab,0x0005,0x4a8b,0x0001,0x52ac,0x0018,0x4a8b,0x0002,0x4aab,0x000e,0x4a8b,0x0001,0x52ac,
    0x0001,0x424a,0x0001,0xd6ba,0x0002,0xffff,0x0001,0xf7be,0x0001,0x5aed,0x0001,0x4a8b,0x0001,0x4aab,0x0005,0x4a8b,
    0x0001,0x426b,0x0001,0x5aec,0x0017,0x5aed,0x0001,0x4a6b,0x0001,0x4a8b,0x0001,0x4aab,0x000d,0x4a8b,0x0001,0x52ac,
    0x0001,0x424a,0x0001,0xd6ba,0x0002,0xffff,0x0001,0xf7be,0x0001,0x5aed,0x0001,0x4a8b,0x0001,0x4aab,0x0003,0x4a8b,
    0x0001,0x52ac,0x0001,0x426a,0x0001,0x94b3,0x0002,0xf79e,0x0014,0xf7be,0x0001,0xf79e,0x0001,0xf7be,0x0001,0xb5d7,
    0x0001,0x4a8b,0x0001,0x4aab,0x000d,0x4a8b,0x0001,0x52ac,0x0001,0x424a,0x0001,0xd6ba,0x0002,0xffff,0x0001,0xf7be,
    0x0001,0x5aed,0x0001,0x4a8b,0x0001,0x4aab,0x0002,0x4a8b,0x0001,0x4aab,0x0001,0x4a8b,0x0001,0x5aed,0x0001,0xffdf,
    0x0019,0xffff,0x0001,0x7c11,0x0001,0x424a,0x0001,0x52ac,0x000c,0x4a8b,0x0001,0x52ac,0x0001,0x424a,0x0001,0xd6ba,
    0x0002,0xffff,0x0001,0xf7be,0x0001,0x5aed,0x0001,0x4a8b,0x0001,0x4aab,0x0002,0x4a8b,0x0001,0x4aab,0x0001,0x4a8b,
    0x0001,0x52cc,0x0001,0xef7d,0x0019,0xffff,0x0001,0x73af,0x0001,0x426a,0x0001,0x52ac,0x000c,0x4a8b,0x0001,0x52ac,
    0x0001,0x424a,0x0001,0xd6ba,0x0002,0xffff,0x0001,0xf7be,0x0001,0x5aed,0x0001,0x4a8b,0x0001,0x4aab,0x0003,0x4a8b,
    0x0001,0x52ac,0x0001,0x426a,0x0001,0x73d0,0x0001,0xce9a,0x0017,0xd69a,0x0001,0x94b3,0x0001,0x424a,0x0001,0x52ac,
    0x000d,0x4a8b,0x0001,0x52ac,0x0001,0x424a,0x0001,0xd6ba,0x0002,0xffff,0x0001,0xf79e,0x0001,0x5aec,0x0001,0x4a8b,
    0x0001,0x4aab,0x0004,0x4a8b,0x0001,0x4aab,0x0001,0x4a6b,0x0019,0x424a,0x000f,0x4a8b,0x0001,0x52ac,0x0001,0x424a,
    0x0001,0xd69a,0x0002,0xffff,0x0001,0xf79e,0x0001,0x52ac,0x0001,0x4a8b,0x0001,0x4aab,0x0005,0x4a8b,0x0001,0x4aab,
    0x0001,0x52ac,0x0001,0x52ab,0x0014,0x52ac,0x0001,0x52ab,0x0002,0x52ac,0x000f,0x4a8b,0x0001,0x52ac,0x0001,0x422a,
    0x0001,0xce79,0x0002,0xffff,0x0001,0xf7be,0x0001,0x52cc,0x0030,0x4a8b,0x0001,0x52ac,0x0001,0x422a,0x0001,0xd6ba,
    0x0003,0xffff,0x0001,0x6b8f,0x0001,0x422a,0x0001,0x52ac,0x002f,0x4a8b,0x0001,0x4a6b,0x0001,0xf79e,0x0001,0xffff,
    0x0001,0xffdf,0x0001,0xffff,0x0001,0x9cf4,0x0001,0x31c8,0x0001,0x52cc,0x002d,0x4a8b,0x0001,0x52ac,0x0001,0x3a29,
    0x0001,0x6b6f,0x0004,0xffff,0x0001,0xe71c,0x0001,0x31c8,0x0001,0x4a8b,0x0001,0x52ac,0x002c,0x4a8b,0x0001,0x52cc,
    0x0001,0x2987,0x0001,0xb5b7,0x0001,0xffff,0x0001,0xffdf,0x0003,0xffff,0x0001,0x7c11,0x0001,0x2167,0x0001,0x52ac,
    0x0001,0x4aab,0x002a,0x4a8b,0x0001,0x52ac,0x0001,0x31c8,0x0001,0x4a8b,0x0001,0xffdf,0x0005,0xffff,0x0001,0xf79e,
    0x0001,0x4a6a,0x0001,0x2987,0x0002,0x52ac,0x0027,0x4a8b,0x0001,0x4aab,0x0001,0x52ac,0x0001,0x3a09,0x0001,0x2967,
    0x0001,0xd6ba,0x0007,0xffff,0x0001,0xd6bb,0x0001,0x39e8,0x0001,0x2987,0x0001,0x4a6b,0x0001,0x4aab,0x0001,0x52ac,
    0x0001,0x4aab,0x0021,0x4a8b,0x0001,0x4aab,0x0002,0x52ac,0x0001,0x4a8b,0x0001,0x31e8,0x0001,0x2146,0x0001,0xb596,
    0x0009,0xffff,0x0001,0xd6bb,0x0001,0x3a29,0x0001,0x2146,0x0001,0x3a09,0x0001,0x426a,0x0001,0x4a8b,0x0001,0x4aab,
    0x0001,0x52ac,0x001d,0x4aab,0x0001,0x52ac,0x0001,0x4aab,0x0001,0x4a8b,0x0001,0x4a6b,0x0001,0x4229,0x0001,0x2967,
    0x0001,0x2987,0x0001,0xad96,0x000b,0xffff,0x0001,0xef7d,0x0001,0x6b6e,0x0001,0x2146,0x0001,0x2126,0x0001,0x2987,
    0x0001,0x31c8,0x0001,0x3a09,0x001d,0x39e9,0x0001,0x3a09,0x0001,0x39e9,0x0001,0x29a7,0x0001,0x2146,0x0001,0x2126,
    0x0001,0x4a8b,0x0001,0xd69a,0x000e,0xffff,0x0001,0xc659,0x0001,0x7c11,0x0001,0x4a6b,0x0001,0x31c8,0x0001,0x2967,
    0x001d,0x2987,0x0001,0x2967,0x0001,0x31a8,0x0001,0x422a,0x0001,0x738f,0x0001,0xb5b7,0x0001,0xffdf,0x0011,0xffff,
    0x0001,0xf7be,0x0001,0xdefb,0x0001,0xc639,0x0001,0xce59,0x001b,0xc659,0x0001,0xce59,0x0001,0xc639,0x0001,0xd69a,
    0x0001,0xf79e,0x000a,0xffff,
};
const icon_t icon_python = { 890, python_rle };

static const uint16_t files_rle[] = {
    0x0040,0xffff,0x0001,0xf7be,0x0001,0xef7d,0x0001,0xe75d,0x0020,0xe73d,0x0001,0xef5d,0x0001,0xf79e,0x0001,0xffdf,
    0x000f,0xffff,0x0001,0xf79e,0x0001,0xe73d,0x0003,0xe71c,0x001f,0xe71d,0x0003,0xe71c,0x0001,0xe73d,0x0001,0xef7e,
    0x000d,0xffff,0x0001,0xef5d,0x0001,0xe71c,0x0001,0xe71d,0x0026,0xe73d,0x0001,0xe71c,0x0001,0xe73d,0x0001,0xffdf,
    0x000a,0xffff,0x0001,0xef5d,0x0001,0xe71c,0x0029,0xe73d,0x0001,0xe71c,0x0001,0xe73d,0x0001,0xffdf,0x0008,0xffff,
    0x0001,0xef5d,0x0001,0xe71c,0x002b,0xe73d,0x0001,0xe71c,0x0001,0xe73d,0x0007,0xffff,0x0001,0xf79e,0x0001,0xe71c,
    0x002d,0xe73d,0x0001,0xe71c,0x0001,0xef7d,0x0006,0xffff,0x0030,0xe73d,0x0001,0xe71c,0x0001,0xffdf,0x0004,0xffff,
    0x0001,0xf7be,0x0001,0xe71c,0x002f,0xe73d,0x0001,0xe71c,0x0001,0xef7e,0x0004,0xffff,0x0001,0xef7d,0x0001,0xe71c,
    0x0031,0xe73d,0x0004,0xffff,0x0001,0xe75d,0x0032,0xe73d,0x0001,0xffdf,0x0003,0xffff,0x0009,0xe73d,0x000d,0xe73c,
    0x001c,0xe73d,0x0001,0xe71c,0x0001,0xffdf,0x0003,0xffff,0x0008,0xe73d,0x0001,0xe71c,0x000d,0xe73d,0x0001,0xe71c,
    0x0001,0xe73c,0x001a,0xe73d,0x0001,0xe71c,0x0001,0xffdf,0x0003,0xffff,0x0008,0xe73d,0x0001,0xe75e,0x0001,0xe71c,
    0x0001,0xe6fb,0x000b,0xe71b,0x0001,0xe75e,0x0001,0xe73d,0x0001,0xe73c,0x0019,0xe73d,0x0001,0xe71c,0x0001,0xffdf,
    0x0003,0xffff,0x0008,0xe73d,0x0001,0xe610,0x0001,0xe526,0x000c,0xed25,0x0001,0xe5cd,0x0001,0xe71b,0x0001,0xe73d,
    0x0001,0xe73c,0x0018,0xe73d,0x0001,0xe71c,0x0001,0xffdf,0x0003,0xffff,0x0005,0xe73d,0x0001,0xe71c,0x0001,0xe75e,
    0x0001,0xe610,0x0001,0xecc0,0x000c,0xece3,0x0001,0xed03,0x0001,0xecc1,0x0001,0xe58a,0x0001,0xe73d,0x0001,0xe71c,
    0x0010,0xe73c,0x0008,0xe73d,0x0001,0xe71c,0x0001,0xffdf,0x0003,0xffff,0x0004,0xe73d,0x0001,0xe73c,0x0001,0xe73d,
    0x0001,0xe71c,0x0001,0xed26,0x0001,0xece3,0x0001,0xed04,0x000c,0xed03,0x0001,0xed04,0x0001,0xece2,0x0001,0xe6b7,
    0x0001,0xe75e,0x0010,0xe73d,0x0001,0xe71c,0x0001,0xe73c,0x0006,0xe73d,0x0001,0xe71c,0x0001,0xffdf,0x0003,0xffff,
    0x0004,0xe73d,0x0001,0xe73c,0x0001,0xe73d,0x0001,0xe71b,0x0001,0xed25,0x0001,0xe4e3,0x0002,0xed04,0x000b,0xed03,
    0x0001,0xed04,0x0001,0xece2,0x0001,0xe695,0x0001,0xe73c,0x0010,0xe71b,0x0001,0xe73e,0x0001,0xe73d,0x0001,0xe73c,
    0x0005,0xe73d,0x0001,0xe71c,0x0001,0xffdf,0x0003,0xffff,0x0004,0xe73d,0x0001,0xe73c,0x0001,0xe73d,0x0001,0xe71b,
    0x0001,0xe525,0x0001,0xf544,0x000f,0xfda6,0x0001,0xfdc7,0x0010,0xfdc8,0x0001,0xfdc7,0x0001,0xf64e,0x0001,0xe71b,
    0x0001,0xe73d,0x0001,0xe73c,0x0004,0xe73d,0x0001,0xe71c,0x0001,0xffdf,0x0003,0xffff,0x0004,0xe73d,0x0001,0xe73c,
    0x0001,0xe73d,0x0001,0xe6fb,0x0001,0xf587,0x0002,0xfdc6,0x0020,0xfda6,0x0001,0xfd84,0x0001,0xf62c,0x0001,0xe73d,
    0x0001,0xe73c,0x0004,0xe73d,0x0001,0xe71c,0x0001,0xffdf,0x0003,0xffff,0x0004,0xe73d,0x0001,0xe73c,0x0001,0xe73d,
    0x0001,0xe71c,0x0001,0xfde8,0x0001,0xfda5,0x0021,0xfda6,0x0001,0xfda7,0x0001,0xfda5,0x0001,0xeed8,0x0001,0xe73e,
    0x0001,0xe71c,0x0003,0xe73d,0x0001,0xe71c,0x0001,0xffdf,0x0003,0xffff,0x0004,0xe73d,0x0001,0xe73c,0x0001,0xe73d,
    0x0001,0xe71b,0x0001,0xfdc7,0x0023,0xfda6,0x0001,0xfda5,0x0001,0xeed7,0x0001,0xe73e,0x0001,0xe71c,0x0003,0xe73d,
    0x0001,0xe71c,0x0001,0xffdf,0x0003,0xffff,0x0004,0xe73d,0x0001,0xe73c,0x0001,0xe73d,0x0001,0xe71b,0x0001,0xfdc8,
    0x0023,0xfda6,0x0001,0xfda5,0x0001,0xeed7,0x0001,0xe73e,0x0001,0xe71c,0x0003,0xe73d,0x0001,0xe71c,0x0001,0xffdf,
    0x0003,0xffff,0x0004,0xe73d,0x0001,0xe73c,0x0001,0xe73d,0x0001,0xe71b,0x0001,0xfdc8,0x0023,0xfda6,0x0001,0xfda5,
    0x0001,0xeed7,0x0001,0xe73e,0x0001,0xe71c,0x0003,0xe73d,0x0001,0xe71c,0x0001,0xffdf,0x0003,0xffff,0x0004,0xe73d,
    0x0001,0xe73c,0x0001,0xe73d,0x0001,0xe71b,0x0001,0xfdc8,0x0001,0xfda5,0x0021,0xfdc6,0x0001,0xfda6,0x0001,0xfda5,
    0x0001,0xeed7,0x0001,0xe73e,0x0001,0xe71c,0x0003,0xe73d,0x0001,0xe71c,0x0001,0xffdf,0x0003,0xffff,0x0004,0xe73d,
    0x0001,0xe73c,0x0001,0xe73d,0x0001,0xe71b,0x0001,0xfdc7,0x0001,0xfde8,0x0021,0xfe0b,0x0001,0xfe09,0x0001,0xfda5,
    0x0001,0xeed7,0x0001,0xe73e,0x0001,0xe71c,0x0003,0xe73d,0x0001,0xe71c,0x0001,0xffdf,0x0003,0xffff,0x0004,0xe73d,
    0x0001,0xe73c,0x0001,0xe73d,0x0001,0xe71b,0x0001,0xfe0a,0x0022,0xfe2b,0x0001,0xfe2c,0x0001,0xfde9,0x0001,0xeed7,
    0x0001,0xe73e,0x0001,0xe71c,0x0003,0xe73d,0x0001,0xe71c,0x0001,0xffdf,0x0003,0xffff,0x0004,0xe73d,0x0001,0xe73c,
    0x0001,0xe73d,0x0001,0xe71b,0x0001,0xfe2c,0x0001,0xfe0b,0x0022,0xfe2b,0x0001,0xfe0a,0x0001,0xeed8,0x0001,0xe73e,
    0x0001,0xe73c,0x0003,0xe73d,0x0001,0xe71c,0x0001,0xffdf,0x0003,0xffff,0x0004,0xe73d,0x0001,0xe73c,0x0001,0xe73d,
    0x0001,0xe71b,0x0001,0xfe2c,0x0001,0xfe0b,0x0022,0xfe2b,0x0001,0xfe0a,0x0001,0xeef8,0x0001,0xe73e,0x0001,0xe73c,
    0x0003,0xe73d,0x0001,0xe71c,0x0001,0xffdf,0x0003,0xffff,0x0004,0xe73d,0x0001,0xe73c,0x0001,0xe73d,0x0001,0xe71b,
    0x0001,0xfe2c,0x0001,0xfe0b,0x0022,0xfe2b,0x0001,0xfe0a,0x0001,0xeef8,0x0001,0xe73e,0x0001,0xe73c,0x0003,0xe73d,
    0x0001,0xe71c,0x0001,0xffdf,0x0003,0xffff,0x0004,0xe73d,0x0001,0xe73c,0x0001,0xe73d,0x0001,0xe71b,0x0001,0xfe2c,
    0x0001,0xfe0b,0x0022,0xfe2b,0x0001,0xfe0a,0x0001,0xeef8,0x0001,0xe73e,0x0001,0xe73c,0x0003,0xe73d,0x0001,0xe71c,
    0x0001,0xffdf,0x0003,0xffff,0x0004,0xe73d,0x0001,0xe73c,0x0001,0xe73d,0x0001,0xe71b,0x0001,0xfe2c,0x0001,0xfe0b,
    0x0022,0xfe2b,0x0001,0xfe0a,0x0001,0xeef8,0x0001,0xe73e,0x0001,0xe73c,0x0003,0xe73d,0x0001,0xe71c,0x0001,0xffdf,
    0x0003,0xffff,0x0004,0xe73d,0x0001,0xe73c,0x0001,0xe73d,0x0001,0xe71b,0x0001,0xfe2c,0x0001,0xfe0b,0x0022,0xfe2b,
    0x0001,0xfe0a,0x0001,0xeef8,0x0001,0xe73e,0x0001,0xe73c,0x0003,0xe73d,0x0001,0xe71c,0x0001,0xffdf,0x0003,0xffff,
    0x0004,0xe73d,0x0001,0xe73c,0x0001,0xe73d,0x0001,0xe71b,0x0001,0xfe2c,0x0001,0xfe0b,0x0022,0xfe2b,0x0001,0xfe0a,
    0x0001,0xeef8,0x0001,0xe73e,0x0001,0xe73c,0x0003,0xe73d,0x0001,0xe71c,0x0001,0xffdf,0x0003,0xffff,0x0004,0xe73d,
    0x0001,0xe73c,0x0001,0xe73d,0x0001,0xe71b,0x0001,0xfe2c,0x0001,0xfe0b,0x0022,0xfe2b,0x0001,0xfe0a,0x0001,0xeef8,
    0x0001,0xe73e,0x0001,0xe73c,0x0003,0xe73d,0x0001,0xe71c,0x0001,0xffdf,0x0003,0xffff,0x0004,0xe73d,0x0001,0xe73c,
    0x0001,0xe73d,0x0001,0xe71b,0x0001,0xfe2c,0x0001,0xfe0b,0x0022,0xfe2b,0x0001,0xfe0a,0x0001,0xeef8,0x0001,0xe73e,
    0x0001,0xe73c,0x0003,0xe73d,0x0001,0xe71c,0x0001,0xffdf,0x0003,0xffff,0x0004,0xe73d,0x0001,0xe73c,0x0001,0xe73d,
    0x0001,0xe71b,0x0001,0xfe2c,0x0001,0xfe0b,0x0022,0xfe2b,0x0001,0xfe0a,0x0001,0xeef8,0x0001,0xe73e,0x0001,0xe73c,
    0x0003,0xe73d,0x0001,0xe71c,0x0001,0xffdf,0x0003,0xffff,0x0004,0xe73d,0x0001,0xe73c,0x0001,0xe73d,0x0001,0xe71b,
    0x0001,0xfe2c,0x0001,0xfe0b,0x0022,0xfe2b,0x0001,0xfe0a,0x0001,0xeef8,0x0001,0xe73e,0x0001,0xe73c,0x0003,0xe73d,
    0x0001,0xe71c,0x0001,0xffdf,0x0003,0xffff,0x0004,0xe73d,0x0001,0xe73c,0x0001,0xe73d,0x0001,0xe71b,0x0001,0xfe2c,
    0x0001,0xfe0b,0x0022,0xfe2b,0x0001,0xfe0a,0x0001,0xeef8,0x0001,0xe73e,0x0001,0xe73c,0x0003,0xe73d,0x0001,0xe71c,
    0x0001,0xffdf,0x0003,0xffff,0x0004,0xe73d,0x0001,0xe73c,0x0001,0xe73d,0x0001,0xe71b,0x0001,0xfe2c,0x0001,0xfe0b,
    0x0022,0xfe2b,0x0001,0xfe0a,0x0001,0xeef8,0x0001,0xe73e,0x0001,0xe73c,0x0003,0xe73d,0x0001,0xe71c,0x0001,0xffdf,
    0x0003,0xffff,0x0004,0xe73d,0x0001,0xe73c,0x0001,0xe73d,0x0001,0xe71c,0x0001,0xfe2c,0x0001,0xfe0b,0x0022,0xfe2b,
    0x0001,0xfe0a,0x0001,0xeef8,0x0001,0xe73e,0x0001,0xe73c,0x0003,0xe73d,0x0001,0xe71c,0x0001,0xffdf,0x0003,0xffff,
    0x0005,0xe73d,0x0001,0xe73c,0x0001,0xe73e,0x0001,0xf691,0x0001,0xfe09,0x0021,0xfe2b,0x0001,0xfe0a,0x0001,0xfe4d,
    0x0001,0xe71c,0x0001,0xe73d,0x0001,0xe73c,0x0003,0xe73d,0x0001,0xe71c,0x0001,0xffdf,0x0003,0xffff,0x0005,0xe73d,
    0x0001,0xe73c,0x0001,0xe73d,0x0001,0xe71c,0x0001,0xf670,0x0021,0xfe0a,0x0001,0xfe4d,0x0001,0xeef9,0x0001,0xe73d,
    0x0001,0xe73c,0x0004,0xe73d,0x0001,0xe71c,0x0001,0xffdf,0x0003,0xffff,0x0006,0xe73d,0x0001,0xe73c,0x0002,0xe73d,
    0x0001,0xeef9,0x0001,0xeed8,0x001f,0xeef8,0x0001,0xe73c,0x0001,0xe73d,0x0001,0xe73c,0x0005,0xe73d,0x0001,0xe71c,
    0x0001,0xf7bf,0x0002,0xffff,0x0001,0xffdf,0x0001,0xdefc,0x0006,0xe73d,0x0002,0xe73c,0x0001,0xe73d,0x0001,0xe73e,
    0x0001,0xe73d,0x001e,0xe73e,0x0001,0xe73d,0x0001,0xe73c,0x0006,0xe73d,0x0001,0xdefc,0x0001,0xf79e,0x0002,0xffff,
    0x0001,0xffdf,0x0001,0xdedb,0x0008,0xe73d,0x0021,0xe73c,0x0008,0xe73d,0x0001,0xdedb,0x0001,0xf79e,0x0003,0xffff,
    0x0001,0xdedb,0x0001,0xdf1c,0x0030,0xe73d,0x0001,0xd6bb,0x0001,0xffdf,0x0003,0xffff,0x0001,0xe71c,0x0001,0xd6bb,
    0x002f,0xe73d,0x0001,0xdefc,0x0001,0xd6db,0x0004,0xffff,0x0001,0xf7be,0x0001,0xc659,0x0001,0xdf1c,0x002e,0xe73d,
    0x0001,0xce59,0x0001,0xef5d,0x0005,0xffff,0x0001,0xdedb,0x0001,0xc659,0x002d,0xe73d,0x0001,0xce9a,0x0001,0xce7a,
    0x0006,0xffff,0x0001,0xffdf,0x0001,0xce7a,0x0001,0xce59,0x0001,0xe71c,0x002a,0xe73d,0x0001,0xd69a,0x0001,0xc639,
    0x0001,0xf7be,0x0007,0xffff,0x0001,0xf7be,0x0002,0xc659,0x0001,0xdefc,0x0027,0xe73d,0x0001,0xdf1c,0x0001,0xce7a,
    0x0001,0xc618,0x0001,0xef5d,0x0009,0xffff,0x0001,0xf7be,0x0001,0xce59,0x0001,0xc639,0x0001,0xce9a,0x0001,0xdedb,
    0x0001,0xdf1c,0x0021,0xe73d,0x0001,0xe71c,0x0001,0xdefc,0x0001,0xd69a,0x0002,0xc639,0x0001,0xef5d,0x000b,0xffff,
    0x0001,0xffdf,0x0001,0xd6bb,0x0001,0xc639,0x0001,0xc618,0x0001,0xc639,0x0001,0xce7a,0x0001,0xce9a,0x001d,0xce7a,
    0x0001,0xce9a,0x0001,0xce7a,0x0001,0xc659,0x0001,0xc619,0x0001,0xc618,0x0001,0xce9a,0x0001,0xf79e,0x000e,0xffff,
    0x0001,0xf79e,0x0001,0xdefb,0x0001,0xce7a,0x0001,0xc659,0x0020,0xc639,0x0001,0xce7a,0x0001,0xd6db,0x0001,0xef5d,
    0x0013,0xffff,0x0001,0xf7be,0x0001,0xef9e,0x001d,0xf79e,0x0001,0xef9e,0x0001,0xf79e,0x000b,0xffff,
};
const icon_t icon_files = { 655, files_rle };

static const uint16_t editor_rle[] = {
    0x0040,0xffff,0x0001,0xf7be,0x0001,0xef7d,0x0001,0xe75d,0x0020,0xe73d,0x0001,0xef5d,0x0001,0xf79e,0x0001,0xffdf,
    0x000f,0xffff,0x0001,0xf79e,0x0001,0xe73d,0x0003,0xe71c,0x001f,0xe71d,0x0003,0xe71c,0x0001,0xe73d,0x0001,0xef7e,
    0x000d,0xffff,0x0001,0xef5d,0x0001,0xe71c,0x0001,0xe71d,0x0026,0xe73d,0x0001,0xe71c,0x0001,0xe73d,0x0001,0xffdf,
    0x000a,0xffff,0x0001,0xef5d,0x0001,0xe71c,0x0029,0xe73d,0x0001,0xe71c,0x0001,0xe73d,0x0001,0xffdf,0x0008,0xffff,
    0x0001,0xef5d,0x0001,0xe71c,0x002b,0xe73d,0x0001,0xe71c,0x0001,0xe73d,0x0007,0xffff,0x0001,0xf79e,0x0001,0xe71c,
    0x0008,0xe73d,0x0001,0xe71c,0x001b,0xe73d,0x0001,0xe71c,0x0008,0xe73d,0x0001,0xe71c,0x0001,0xef7d,0x0006,0xffff,
    0x000a,0xe73d,0x0001,0xf79e,0x001b,0xffff,0x0001,0xf7be,0x0009,0xe73d,0x0001,0xe71c,0x0001,0xffdf,0x0004,0xffff,
    0x0001,0xf7be,0x0001,0xe71c,0x0007,0xe73d,0x0001,0xe71c,0x0001,0xf79e,0x001d,0xffff,0x0001,0xf7df,0x0001,0xe71c,
    0x0007,0xe73d,0x0001,0xe71c,0x0001,0xef7e,0x0004,0xffff,0x0001,0xef7d,0x0001,0xe71c,0x0008,0xe73d,0x001f,0xffff,
    0x0001,0xef5d,0x0001,0xe71c,0x0008,0xe73d,0x0004,0xffff,0x0001,0xe75d,0x0009,0xe73d,0x001f,0xffff,0x0001,0xef5d,
    0x0001,0xe71c,0x0008,0xe73d,0x0001,0xffdf,0x0003,0xffff,0x000a,0xe73d,0x001f,0xffff,0x0001,0xef5d,0x0001,0xe71c,
    0x0007,0xe73d,0x0001,0xe71c,0x0001,0xffdf,0x0003,0xffff,0x000a,0xe73d,0x0005,0xffff,0x0015,0xffdf,0x0001,0xf7bf,
    0x0004,0xffff,0x0001,0xef5d,0x0001,0xe71c,0x0007,0xe73d,0x0001,0xe71c,0x0001,0xffdf,0x0003,0xffff,0x000a,0xe73d,
    0x0004,0xffff,0x0001,0xbdf8,0x0001,0x9cf4,0x0014,0x9d15,0x0001,0x9d14,0x0001,0xad76,0x0001,0xf7be,0x0002,0xffff,
    0x0001,0xef5d,0x0001,0xe71c,0x0007,0xe73d,0x0001,0xe71c,0x0001,0xffdf,0x0003,0xffff,0x000a,0xe73d,0x0003,0xffff,
    0x0001,0xffdf,0x0001,0x94d4,0x0015,0x8c93,0x0001,0x94b3,0x0001,0x8c72,0x0001,0xe73c,0x0002,0xffff,0x0001,0xef5d,
    0x0001,0xe71c,0x0007,0xe73d,0x0001,0xe71c,0x0001,0xffdf,0x0003,0xffff,0x000a,0xe73d,0x0004,0xffff,0x0001,0xd69a,
    0x0001,0xad96,0x0014,0xb5b7,0x0001,0xad97,0x0001,0xc639,0x0001,0xffdf,0x0002,0xffff,0x0001,0xef5d,0x0001,0xe71c,
    0x0007,0xe73d,0x0001,0xe71c,0x0001,0xffdf,0x0003,0xffff,0x000a,0xe73d,0x001f,0xffff,0x0001,0xef5d,0x0001,0xe71c,
    0x0007,0xe73d,0x0001,0xe71c,0x0001,0xffdf,0x0003,0xffff,0x000a,0xe73d,0x001f,0xffff,0x0001,0xef5d,0x0001,0xe71c,
    0x0007,0xe73d,0x0001,0xe71c,0x0001,0xffdf,0x0003,0xffff,0x000a,0xe73d,0x001f,0xffff,0x0001,0xef5d,0x0001,0xe71c,
    0x0007,0xe73d,0x0001,0xe71c,0x0001,0xffdf,0x0003,0xffff,0x000a,0xe73d,0x001f,0xffff,0x0001,0xef5d,0x0001,0xe71c,
    0x0007,0xe73d,0x0001,0xe71c,0x0001,0xffdf,0x0003,0xffff,0x000a,0xe73d,0x0005,0xffff,0x0010,0xffdf,0x0001,0xf7bf,
    0x0009,0xffff,0x0001,0xef5d,0x0001,0xe71c,0x0007,0xe73d,0x0001,0xe71c,0x0001,0xffdf,0x0003,0xffff,0x000a,0xe73d,
    0x0004,0xffff,0x0001,0xbdf8,0x0001,0x9cf4,0x000f,0x9d15,0x0001,0x9d14,0x0001,0xad76,0x0001,0xf7be,0x0007,0xffff,
    0x0001,0xef5d,0x0001,0xe71c,0x0007,0xe73d,0x0001,0xe71c,0x0001,0xffdf,0x0003,0xffff,0x000a,0xe73d,0x0003,0xffff,
    0x0001,0xffdf,0x0001,0x94d4,0x0010,0x8c93,0x0001,0x94b3,0x0001,0x8c72,0x0001,0xe73c,0x0007,0xffff,0x0001,0xef5d,
    0x0001,0xe71c,0x0007,0xe73d,0x0001,0xe71c,0x0001,0xffdf,0x0003,0xffff,0x000a,0xe73d,0x0004,0xffff,0x0001,0xd69a,
    0x0001,0xad96,0x000f,0xb5b7,0x0001,0xad97,0x0001,0xc639,0x0001,0xffdf,0x0007,0xffff,0x0001,0xef5d,0x0001,0xe71c,
    0x0007,0xe73d,0x0001,0xe71c,0x0001,0xffdf,0x0003,0xffff,0x000a,0xe73d,0x001f,0xffff,0x0001,0xef5d,0x0001,0xe71c,
    0x0007,0xe73d,0x0001,0xe71c,0x0001,0xffdf,0x0003,0xffff,0x000a,0xe73d,0x001f,0xffff,0x0001,0xef5d,0x0001,0xe71c,
    0x0007,0xe73d,0x0001,0xe71c,0x0001,0xffdf,0x0003,0xffff,0x000a,0xe73d,0x001f,0xffff,0x0001,0xef5d,0x0001,0xe71c,
    0x0007,0xe73d,0x0001,0xe71c,0x0001,0xffdf,0x0003,0xffff,0x000a,0xe73d,0x001f,0xffff,0x0001,0xef5d,0x0001,0xe71c,
    0x0007,0xe73d,0x0001,0xe71c,0x0001,0xffdf,0x0003,0xffff,0x000a,0xe73d,0x0005,0xffff,0x0013,0xffdf,0x0001,0xf7bf,
    0x0006,0xffff,0x0001,0xef5d,0x0001,0xe71c,0x0007,0xe73d,0x0001,0xe71c,0x0001,0xffdf,0x0003,0xffff,0x000a,0xe73d,
    0x0004,0xffff,0x0001,0xbdf8,0x0001,0x9cf4,0x0012,0x9d15,0x0001,0x9d14,0x0001,0xad76,0x0001,0xf7be,0x0004,0xffff,
    0x0001,0xef5d,0x0001,0xe71c,0x0007,0xe73d,0x0001,0xe71c,0x0001,0xffdf,0x0003,0xffff,0x000a,0xe73d,0x0003,0xffff,
    0x0001,0xffdf,0x0001,0x94d4,0x0013,0x8c93,0x0001,0x94b3,0x0001,0x8c72,0x0001,0xe73c,0x0004,0xffff,0x0001,0xef5d,
    0x0001,0xe71c,0x0007,0xe73d,0x0001,0xe71c,0x0001,0xffdf,0x0003,0xffff,0x000a,0xe73d,0x0004,0xffff,0x0001,0xd69a,
    0x0001,0xad96,0x0012,0xb5b7,0x0001,0xad97,0x0001,0xc639,0x0001,0xffdf,0x0004,0xffff,0x0001,0xef5d,0x0001,0xe71c,
    0x0007,0xe73d,0x0001,0xe71c,0x0001,0xffdf,0x0003,0xffff,0x000a,0xe73d,0x001f,0xffff,0x0001,0xef5d,0x0001,0xe71c,
    0x0007,0xe73d,0x0001,0xe71c,0x0001,0xffdf,0x0003,0xffff,0x000a,0xe73d,0x001f,0xffff,0x0001,0xef5d,0x0001,0xe71c,
    0x0007,0xe73d,0x0001,0xe71c,0x0001,0xffdf,0x0003,0xffff,0x000a,0xe73d,0x001f,0xffff,0x0001,0xef5d,0x0001,0xe71c,
    0x0007,0xe73d,0x0001,0xe71c,0x0001,0xffdf,0x0003,0xffff,0x000a,0xe73d,0x0014,0xffff,0x0001,0xffde,0x000a,0xffff,
    0x0001,0xef5d,0x0001,0xe71c,0x0007,0xe73d,0x0001,0xe71c,0x0001,0xffdf,0x0003,0xffff,0x000a,0xe73d,0x0005,0xffff,
    0x000b,0xffdf,0x0001,0xf7bf,0x0002,0xffff,0x0001,0xfe8f,0x0001,0xfda6,0x0001,0xff14,0x0009,0xffff,0x0001,0xef5d,
    0x0001,0xe71c,0x0007,0xe73d,0x0001,0xe71c,0x0001,0xffdf,0x0003,0xffff,0x000a,0xe73d,0x0004,0xffff,0x0001,0xbdf8,
    0x0001,0x9cf4,0x000a,0x9d15,0x0001,0x9d14,0x0001,0xad76,0x0001,0xf79d,0x0001,0xfde7,0x0001,0xfd84,0x0001,0xfe2c,
    0x0009,0xffff,0x0001,0xef5d,0x0001,0xe71c,0x0007,0xe73d,0x0001,0xe71c,0x0001,0xffdf,0x0003,0xffff,0x000a,0xe73d,
    0x0003,0xffff,0x0001,0xffdf,0x0001,0x94d4,0x000b,0x8c93,0x0001,0x94b3,0x0001,0x8c73,0x0001,0xe6fb,0x0001,0xfe09,
    0x0001,0xfd84,0x0001,0xfe4d,0x0009,0xffff,0x0001,0xef5d,0x0001,0xe71c,0x0007,0xe73d,0x0001,0xe71c,0x0001,0xffdf,
    0x0003,0xffff,0x000a,0xe73d,0x0004,0xffff,0x0001,0xd69a,0x0001,0xad96,0x000a,0xb5b7,0x0001,0xad96,0x0001,0xc639,
    0x0001,0xffbe,0x0001,0xfde8,0x0001,0xfd84,0x0001,0xfe4d,0x0009,0xffff,0x0001,0xef5d,0x0001,0xe71c,0x0007,0xe73d,
    0x0001,0xe71c,0x0001,0xffdf,0x0003,0xffff,0x000a,0xe73d,0x0012,0xffff,0x0001,0xffde,0x0001,0xfde8,0x0001,0xfd84,
    0x0001,0xfe4d,0x0009,0xffff,0x0001,0xef5d,0x0001,0xe71c,0x0007,0xe73d,0x0001,0xe71c,0x0001,0xffdf,0x0003,0xffff,
    0x000a,0xe73d,0x0012,0xffff,0x0001,0xffde,0x0001,0xfde8,0x0001,0xfd84,0x0001,0xfe4d,0x0009,0xffff,0x0001,0xef5d,
    0x0001,0xe71c,0x0007,0xe73d,0x0001,0xe71c,0x0001,0xffdf,0x0003,0xffff,0x000a,0xe73d,0x0012,0xffff,0x0001,0xffde,
    0x0001,0xfde8,0x0001,0xfd85,0x0001,0xfe4c,0x0009,0xffff,0x0001,0xef5d,0x0001,0xe71c,0x0007,0xe73d,0x0001,0xe71c,
    0x0001,0xffdf,0x0003,0xffff,0x000a,0xe73d,0x0013,0xffff,0x0001,0xfe2b,0x0001,0xfd63,0x0001,0xfeb1,0x0009,0xffff,
    0x0001,0xef5d,0x0001,0xe71c,0x0007,0xe73d,0x0001,0xe71c,0x0001,0xf7bf,0x0002,0xffff,0x0001,0xffdf,0x0001,0xdefc,
    0x0009,0xe73d,0x0013,0xffff,0x0001,0xffdd,0x0001,0xff79,0x000a,0xffff,0x0001,0xef5d,0x0001,0xe71c,0x0007,0xe73d,
    0x0001,0xdefc,0x0001,0xf79e,0x0002,0xffff,0x0001,0xffdf,0x0001,0xdedb,0x0008,0xe73d,0x0001,0xe71c,0x0001,0xf7be,
    0x001d,0xffff,0x0001,0xffdf,0x0009,0xe73d,0x0001,0xdedb,0x0001,0xf79e,0x0003,0xffff,0x0001,0xdedb,0x0001,0xdf1c,
    0x0009,0xe73d,0x0001,0xf7bf,0x001b,0xffff,0x0001,0xffdf,0x0001,0xef5d,0x0001,0xe71c,0x0008,0xe73d,0x0001,0xd6bb,
    0x0001,0xffdf,0x0003,0xffff,0x0001,0xe71c,0x0001,0xd6bb,0x0008,0xe73d,0x0001,0xe71d,0x0001,0xe71c,0x001b,0xef5d,
    0x0001,0xe73d,0x0001,0xe71c,0x0008,0xe73d,0x0001,0xdefc,0x0001,0xd6db,0x0004,0xffff,0x0001,0xf7be,0x0001,0xc659,
    0x0001,0xdf1c,0x0009,0xe73d,0x001b,0xe71c,0x000a,0xe73d,0x0001,0xce59,0x0001,0xef5d,0x0005,0xffff,0x0001,0xdedb,
    0x0001,0xc659,0x002d,0xe73d,0x0001,0xce9a,0x0001,0xce7a,0x0006,0xffff,0x0001,0xffdf,0x0001,0xce7a,0x0001,0xce59,
    0x0001,0xe71c,0x002a,0xe73d,0x0001,0xd69a,0x0001,0xc639,0x0001,0xf7be,0x0007,0xffff,0x0001,0xf7be,0x0002,0xc659,
    0x0001,0xdefc,0x0027,0xe73d,0x0001,0xdf1c,0x0001,0xce7a,0x0001,0xc618,0x0001,0xef5d,0x0009,0xffff,0x0001,0xf7be,
    0x0001,0xce59,0x0001,0xc639,0x0001,0xce9a,0x0001,0xdedb,0x0001,0xdf1c,0x0021,0xe73d,0x0001,0xe71c,0x0001,0xdefc,
    0x0001,0xd69a,0x0002,0xc639,0x0001,0xef5d,0x000b,0xffff,0x0001,0xffdf,0x0001,0xd6bb,0x0001,0xc639,0x0001,0xc618,
    0x0001,0xc639,0x0001,0xce7a,0x0001,0xce9a,0x001d,0xce7a,0x0001,0xce9a,0x0001,0xce7a,0x0001,0xc659,0x0001,0xc619,
    0x0001,0xc618,0x0001,0xce9a,0x0001,0xf79e,0x000e,0xffff,0x0001,0xf79e,0x0001,0xdefb,0x0001,0xce7a,0x0001,0xc659,
    0x0020,0xc639,0x0001,0xce7a,0x0001,0xd6db,0x0001,0xef5d,0x0013,0xffff,0x0001,0xf7be,0x0001,0xef9e,0x001d,0xf79e,
    0x0001,0xef9e,0x0001,0xf79e,0x000b,0xffff,
};
const icon_t icon_editor = { 603, editor_rle };

static const uint16_t shell_rle[] = {
    0x000c,0xffff,0x001f,0xf79e,0x0001,0xf7bf,0x0013,0xffff,0x0001,0xef7d,0x0001,0xb5b6,0x0001,0x7bf0,0x0001,0x630c,
    0x0001,0x4a6a,0x001d,0x528a,0x0001,0x4a6a,0x0001,0x5acb,0x0001,0x73af,0x0001,0xa535,0x0001,0xe71c,0x000f,0xffff,
    0x0001,0xa514,0x0001,0x4a6a,0x0001,0x3187,0x0001,0x31a7,0x0001,0x39c8,0x001f,0x39e8,0x0001,0x39c8,0x0001,0x31a7,
    0x0001,0x3187,0x0001,0x4208,0x0001,0x8431,0x0001,0xf79e,0x000b,0xffff,0x0001,0xf79e,0x0001,0x738e,0x0001,0x3187,
    0x0001,0x39e8,0x0002,0x4229,0x0022,0x4209,0x0001,0x4229,0x0001,0x4208,0x0001,0x3187,0x0001,0x52ab,0x0001,0xdedb,
    0x0009,0xffff,0x0001,0xf79e,0x0001,0x632d,0x0001,0x3187,0x0001,0x4229,0x0001,0x4209,0x0026,0x4208,0x0001,0x4229,
    0x0001,0x39c7,0x0001,0x4a49,0x0001,0xdedb,0x0008,0xffff,0x0001,0x738f,0x0001,0x3187,0x0001,0x4229,0x0029,0x4208,
    0x0001,0x4229,0x0001,0x39c8,0x0001,0x4a6a,0x0001,0xef7d,0x0006,0xffff,0x0001,0xa534,0x0001,0x3187,0x0001,0x4229,
    0x002b,0x4208,0x0001,0x4229,0x0001,0x31a7,0x0001,0x73af,0x0005,0xffff,0x0001,0xf79e,0x0001,0x4a6a,0x0001,0x39e8,
    0x0001,0x4209,0x002c,0x4208,0x0001,0x4209,0x0001,0x31a7,0x0001,0xce7a,0x0004,0xffff,0x0001,0xb5b7,0x0001,0x31a7,
    0x0001,0x4229,0x002d,0x4208,0x0001,0x4229,0x0001,0x31a7,0x0001,0x8431,0x0004,0xffff,0x0001,0x7bf0,0x0001,0x31a7,
    0x0001,0x4209,0x002d,0x4208,0x0001,0x4209,0x0001,0x39e8,0x0001,0x52ab,0x0001,0xffdf,0x0002,0xffff,0x0001,0xffdf,
    0x0001,0x5aec,0x0001,0x39c8,0x0001,0x4209,0x0030,0x4208,0x0001,0xe71c,0x0002,0xffff,0x0001,0xf79e,0x0001,0x4a4a,
    0x0001,0x39e8,0x0001,0x4209,0x002e,0x4208,0x0001,0x4209,0x0001,0x31a7,0x0001,0xce79,0x0002,0xffff,0x0001,0xf79e,
    0x0001,0x4a6a,0x0001,0x39e8,0x0001,0x4209,0x002e,0x4208,0x0001,0x4209,0x0001,0x39c7,0x0001,0xd69a,0x0002,0xffff,
    0x0001,0xf79e,0x0001,0x4a6a,0x0001,0x39e8,0x0001,0x4209,0x002e,0x4208,0x0001,0x4209,0x0001,0x39c7,0x0001,0xce7a,
    0x0002,0xffff,0x0001,0xf79e,0x0001,0x4a6a,0x0001,0x39e8,0x0001,0x4209,0x002e,0x4208,0x0001,0x4209,0x0001,0x39c7,
    0x0001,0xce7a,0x0002,0xffff,0x0001,0xf79e,0x0001,0x4a6a,0x0001,0x39e8,0x0001,0x4209,0x002e,0x4208,0x0001,0x4209,
    0x0001,0x39c7,0x0001,0xce7a,0x0002,0xffff,0x0001,0xf79e,0x0001,0x4a6a,0x0001,0x39e8,0x0001,0x4209,0x002e,0x4208,
    0x0001,0x4209,0x0001,0x39c7,0x0001,0xce7a,0x0002,0xffff,0x0001,0xf79e,0x0001,0x4a6a,0x0001,0x39e8,0x0001,0x4209,
    0x002e,0x4208,0x0001,0x4209,0x0001,0x39c7,0x0001,0xce7a,0x0002,0xffff,0x0001,0xf79e,0x0001,0x4a6a,0x0001,0x39e8,
    0x0001,0x4209,0x002e,0x4208,0x0001,0x4209,0x0001,0x39c7,0x0001,0xce7a,0x0002,0xffff,0x0001,0xf79e,0x0001,0x4a6a,
    0x0001,0x39e8,0x0001,0x4209,0x002e,0x4208,0x0001,0x4209,0x0001,0x39c7,0x0001,0xce7a,0x0002,0xffff,0x0001,0xf79e,
    0x0001,0x4a6a,0x0001,0x39e8,0x0001,0x4209,0x002e,0x4208,0x0001,0x4209,0x0001,0x39c7,0x0001,0xce7a,0x0002,0xffff,
    0x0001,0xf79e,0x0001,0x4a6a,0x0001,0x39e8,0x0001,0x4209,0x0007,0x4208,0x0002,0x4209,0x0025,0x4208,0x0001,0x4209,
    0x0001,0x39c7,0x0001,0xce7a,0x0002,0xffff,0x0001,0xf79e,0x0001,0x4a6a,0x0001,0x39e8,0x0001,0x4209,0x0006,0x4208,
    0x0001,0x4209,0x0001,0x39e8,0x0001,0x39c7,0x0001,0x4229,0x0001,0x4209,0x0023,0x4208,0x0001,0x4209,0x0001,0x39c7,
    0x0001,0xce7a,0x0002,0xffff,0x0001,0xf79e,0x0001,0x4a6a,0x0001,0x39e8,0x0001,0x4209,0x0005,0x4208,0x0001,0x4209,
    0x0001,0x31a7,0x0001,0x8431,0x0001,0x7bf0,0x0001,0x3186,0x0001,0x39e8,0x0001,0x4229,0x0022,0x4208,0x0001,0x4209,
    0x0001,0x39c7,0x0001,0xce7a,0x0002,0xffff,0x0001,0xf79e,0x0001,0x4a6a,0x0001,0x39e8,0x0001,0x4209,0x0005,0x4208,
    0x0001,0x4229,0x0001,0x3187,0x0001,0x9492,0x0001,0xffff,0x0001,0xad75,0x0001,0x4209,0x0001,0x31a7,0x0001,0x4229,
    0x0001,0x4209,0x0020,0x4208,0x0001,0x4209,0x0001,0x39c7,0x0001,0xce7a,0x0002,0xffff,0x0001,0xf79e,0x0001,0x4a6a,
    0x0001,0x39e8,0x0001,0x4209,0x0006,0x4208,0x0001,0x4209,0x0001,0x39e8,0x0001,0x8431,0x0001,0xffdf,0x0001,0xef5d,
    0x0001,0x738e,0x0001,0x31a7,0x0001,0x39e8,0x0001,0x4209,0x001f,0x4208,0x0001,0x4209,0x0001,0x39c7,0x0001,0xce7a,
    0x0002,0xffff,0x0001,0xf79e,0x0001,0x4a6a,0x0001,0x39e8,0x0001,0x4209,0x0008,0x4208,0x0001,0x31a7,0x0001,0x4a6a,
    0x0001,0xc618,0x0001,0xffff,0x0001,0xad55,0x0001,0x4229,0x0020,0x4208,0x0001,0x4209,0x0001,0x39c7,0x0001,0xce7a,
    0x0002,0xffff,0x0001,0xf79e,0x0001,0x4a6a,0x0001,0x39e8,0x0001,0x4209,0x0008,0x4208,0x0001,0x4229,0x0001,0x39c7,
    0x0001,0x2945,0x0001,0xb596,0x0001,0xffff,0x0001,0x738e,0x0001,0x31a7,0x0001,0x4209,0x001e,0x4208,0x0001,0x4209,
    0x0001,0x39c7,0x0001,0xce7a,0x0002,0xffff,0x0001,0xf79e,0x0001,0x4a6a,0x0001,0x39e8,0x0001,0x4209,0x0007,0x4208,
    0x0001,0x4209,0x0001,0x31a7,0x0001,0x4a4a,0x0001,0xbdd7,0x0001,0xffff,0x0001,0xb596,0x0001,0x4a49,0x0020,0x4208,
    0x0001,0x4209,0x0001,0x39c7,0x0001,0xce7a,0x0002,0xffff,0x0001,0xf79e,0x0001,0x4a6a,0x0001,0x39e8,0x0001,0x4209,
    0x0006,0x4208,0x0001,0x4209,0x0001,0x39e8,0x0001,0x7bf0,0x0001,0xf79e,0x0001,0xef7e,0x0001,0x7bcf,0x0001,0x31a7,
    0x0001,0x39e8,0x0001,0x4209,0x001f,0x4208,0x0001,0x4209,0x0001,0x39c7,0x0001,0xce7a,0x0002,0xffff,0x0001,0xf79e,
    0x0001,0x4a6a,0x0001,0x39e8,0x0001,0x4209,0x0005,0x4208,0x0001,0x4229,0x0001,0x31a7,0x0001,0x8c72,0x0001,0xffff,
    0x0001,0xb5b6,0x0001,0x4229,0x0001,0x31a7,0x0001,0x4229,0x0001,0x4209,0x0007,0x4208,0x000f,0x39e8,0x000a,0x4208,
    0x0001,0x4209,0x0001,0x39c7,0x0001,0xce7a,0x0002,0xffff,0x0001,0xf79e,0x0001,0x4a6a,0x0001,0x39e8,0x0001,0x4209,
    0x0005,0x4208,0x0001,0x4209,0x0001,0x31a7,0x0001,0x8c51,0x0001,0x8410,0x0001,0x3186,0x0001,0x39e8,0x0001,0x4229,
    0x0007,0x4208,0x0001,0x3a08,0x0001,0x39e8,0x000f,0x4a48,0x0001,0x4208,0x0001,0x39e8,0x0008,0x4208,0x0001,0x4209,
    0x0001,0x39c7,0x0001,0xce7a,0x0002,0xffff,0x0001,0xf79e,0x0001,0x4a6a,0x0001,0x39e8,0x0001,0x4209,0x0006,0x4208,
    0x0001,0x4209,0x0001,0x39e8,0x0001,0x31a7,0x0002,0x4209,0x0008,0x4208,0x0001,0x39e8,0x0001,0xbc67,0x0001,0xf5a6,
    0x000d,0xf566,0x0001,0xf586,0x0001,0xdd06,0x0001,0x5248,0x0001,0x39e8,0x0007,0x4208,0x0001,0x4209,0x0001,0x39c7,
    0x0001,0xce7a,0x0002,0xffff,0x0001,0xf79e,0x0001,0x4a6a,0x0001,0x39e8,0x0001,0x4209,0x0007,0x4208,0x0002,0x4209,
    0x0009,0x4208,0x0001,0x39e8,0x0001,0x4a48,0x0001,0xfd86,0x0001,0xfdc6,0x0001,0xfda6,0x000c,0xfdc6,0x0001,0xfda6,
    0x0001,0xfde6,0x0001,0x7308,0x0001,0x31c9,0x0007,0x4208,0x0001,0x4209,0x0001,0x39c7,0x0001,0xce7a,0x0002,0xffff,
    0x0001,0xf79e,0x0001,0x4a6a,0x0001,0x39e8,0x0001,0x4209,0x0012,0x4208,0x0001,0x39e8,0x0001,0x4a48,0x0001,0xfd86,
    0x000f,0xfde6,0x0001,0xfe06,0x0001,0x72e8,0x0001,0x31c9,0x0007,0x4208,0x0001,0x4209,0x0001,0x39c7,0x0001,0xce7a,
    0x0002,0xffff,0x0001,0xf79e,0x0001,0x4a6a,0x0001,0x39e8,0x0001,0x4209,0x0013,0x4208,0x0001,0x39e9,0x0001,0x93a7,
    0x0001,0xcce7,0x000d,0xccc7,0x0001,0xcce7,0x0001,0xb427,0x0001,0x4228,0x0008,0x4208,0x0001,0x4209,0x0001,0x39c7,
    0x0001,0xce7a,0x0002,0xffff,0x0001,0xf79e,0x0001,0x4a6a,0x0001,0x39e8,0x0001,0x4209,0x0014,0x4208,0x0001,0x31c9,
    0x0001,0x39c9,0x000e,0x39e9,0x0001,0x31c9,0x0001,0x3a08,0x0008,0x4208,0x0001,0x4209,0x0001,0x39c7,0x0001,0xce7a,
    0x0002,0xffff,0x0001,0xf79e,0x0001,0x4a6a,0x0001,0x39e8,0x0001,0x4209,0x002e,0x4208,0x0001,0x4209,0x0001,0x39c7,
    0x0001,0xce7a,0x0002,0xffff,0x0001,0xf79e,0x0001,0x4a6a,0x0001,0x39e8,0x0001,0x4209,0x002e,0x4208,0x0001,0x4209,
    0x0001,0x39c7,0x0001,0xce7a,0x0002,0xffff,0x0001,0xf79e,0x0001,0x4a6a,0x0001,0x39e8,0x0001,0x4209,0x002e,0x4208,
    0x0001,0x4209,0x0001,0x39c7,0x0001,0xce7a,0x0002,0xffff,0x0001,0xf79e,0x0001,0x4a6a,0x0001,0x39e8,0x0001,0x4209,
    0x002e,0x4208,0x0001,0x4209,0x0001,0x39c7,0x0001,0xce7a,0x0002,0xffff,0x0001,0xf79e,0x0001,0x4a6a,0x0001,0x39e8,
    0x0001,0x4209,0x002e,0x4208,0x0001,0x4209,0x0001,0x39c7,0x0001,0xce7a,0x0002,0xffff,0x0001,0xf79e,0x0001,0x4a6a,
    0x0001,0x39e8,0x0001,0x4209,0x002e,0x4208,0x0001,0x4209,0x0001,0x39c7,0x0001,0xce7a,0x0002,0xffff,0x0001,0xf79e,
    0x0001,0x4a6a,0x0001,0x39e8,0x0001,0x4209,0x002e,0x4208,0x0001,0x4209,0x0001,0x31a7,0x0001,0xce7a,0x0002,0xffff,
    0x0001,0xef7d,0x0001,0x4229,0x0001,0x39e8,0x0001,0x4209,0x002e,0x4208,0x0001,0x4229,0x0001,0x3187,0x0001,0xce59,
    0x0002,0xffff,0x0001,0xf79e,0x0001,0x4a49,0x0001,0x39e8,0x002f,0x4208,0x0001,0x4209,0x0001,0x31a7,0x0001,0xd69a,
    0x0003,0xffff,0x0001,0x630d,0x0001,0x31a7,0x0001,0x4209,0x002e,0x4208,0x0002,0x39e8,0x0001,0xf79e,0x0001,0xffff,
    0x0001,0xffdf,0x0001,0xffff,0x0001,0x94b3,0x0001,0x2125,0x0001,0x4229,0x002d,0x4208,0x0001,0x4229,0x0001,0x3186,
    0x0001,0x630c,0x0004,0xffff,0x0001,0xdefc,0x0001,0x2125,0x0001,0x39e8,0x0001,0x4209,0x002c,0x4208,0x0001,0x4229,
    0x0001,0x18e4,0x0001,0xad76,0x0001,0xffff,0x0001,0xffdf,0x0003,0xffff,0x0001,0x73af,0x0001,0x18c3,0x0001,0x4229,
    0x0001,0x4209,0x002a,0x4208,0x0001,0x4229,0x0001,0x2125,0x0001,0x4209,0x0001,0xffdf,0x0005,0xffff,0x0001,0xef7d,
    0x0001,0x39e8,0x0001,0x2104,0x0002,0x4209,0x0027,0x4208,0x0001,0x4209,0x0001,0x4229,0x0001,0x2966,0x0001,0x18e4,
    0x0001,0xd69a,0x0007,0xffff,0x0001,0xd6ba,0x0001,0x2946,0x0001,0x18e4,0x0001,0x39e8,0x0003,0x4209,0x0021,0x4208,
    0x0003,0x4209,0x0001,0x4208,0x0001,0x2946,0x0001,0x10a3,0x0001,0xad55,0x0009,0xffff,0x0001,0xd69a,0x0001,0x3187,
    0x0001,0x10a3,0x0001,0x2966,0x0001,0x39c8,0x0001,0x39e8,0x0021,0x4209,0x0001,0x4208,0x0001,0x39e8,0x0001,0x3187,
    0x0002,0x18e4,0x0001,0xad55,0x0001,0xffff,0x0001,0xffdf,0x0009,0xffff,0x0001,0xef5d,0x0001,0x5aec,0x0001,0x18c3,
    0x0001,0x10a3,0x0001,0x2104,0x0001,0x2945,0x001f,0x2966,0x0001,0x2946,0x0001,0x2105,0x0002,0x10a3,0x0001,0x4209,
    0x0001,0xce79,0x0001,0xffff,0x0001,0xffdf,0x000c,0xffff,0x0001,0xc638,0x0001,0x73af,0x0001,0x39e8,0x0001,0x2945,
    0x001f,0x18e4,0x0001,0x2125,0x0001,0x31a7,0x0001,0x632d,0x0001,0xad76,0x0001,0xffdf,0x0011,0xffff,0x0001,0xf7be,
    0x0001,0xdedb,0x0001,0xc618,0x001d,0xc638,0x0001,0xc618,0x0001,0xce7a,0x0001,0xf79e,0x000a,0xffff,
};
const icon_t icon_shell = { 671, shell_rle };

static const uint16_t games_rle[] = {
    0x000c,0xffff,0x0001,0xffdd,0x001e,0xffde,0x0001,0xfffe,0x0013,0xffff,0x0001,0xffdd,0x0001,0xff16,0x0001,0xfe6e,
    0x0001,0xfe0a,0x001f,0xfde8,0x0001,0xfe09,0x0001,0xfe4d,0x0001,0xfef4,0x0001,0xffbc,0x000f,0xffff,0x0001,0xfed3,
    0x0001,0xfdc7,0x0002,0xfd84,0x0001,0xfda5,0x001f,0xfda6,0x0001,0xfda5,0x0001,0xfd85,0x0001,0xfd84,0x0001,0xfda6,
    0x0001,0xfe8f,0x0001,0xffde,0x000b,0xffff,0x0001,0xffde,0x0001,0xfe4d,0x0001,0xfd84,0x0001,0xfda6,0x0003,0xfdc6,
    0x0020,0xfda6,0x0002,0xfdc6,0x0001,0xfda6,0x0001,0xfd84,0x0001,0xfde9,0x0001,0xff9a,0x0009,0xffff,0x0001,0xffde,
    0x0001,0xfe2b,0x0001,0xfd84,0x0001,0xfdc7,0x0027,0xfda6,0x0001,0xfdc7,0x0001,0xfda5,0x0001,0xfdc7,0x0001,0xff9a,
    0x0008,0xffff,0x0001,0xfe4d,0x0001,0xfd84,0x0001,0xfdc7,0x0029,0xfda6,0x0001,0xfdc7,0x0001,0xfda5,0x0001,0xfde8,
    0x0001,0xffdd,0x0006,0xffff,0x0001,0xfef3,0x0001,0xfd84,0x0001,0xfdc7,0x002b,0xfda6,0x0001,0xfdc7,0x0001,0xfd84,
    0x0001,0xfe4d,0x0005,0xffff,0x0001,0xffdd,0x0001,0xfdc8,0x002e,0xfda6,0x0001,0xfdc6,0x0001,0xfda5,0x0001,0xff79,
    0x0004,0xffff,0x0001,0xff16,0x0001,0xfd84,0x0001,0xfdc6,0x002d,0xfda6,0x0001,0xfdc6,0x0001,0xfd84,0x0001,0xfe8f,
    0x0004,0xffff,0x0001,0xfe6e,0x0001,0xfd85,0x0001,0xfdc6,0x002e,0xfda6,0x0001,0xfda5,0x0001,0xfde9,0x0004,0xffff,
    0x0001,0xfe0a,0x0001,0xfda5,0x0031,0xfda6,0x0001,0xff9b,0x0002,0xffff,0x0001,0xffde,0x0001,0xfdc7,0x0030,0xfda6,
    0x0001,0xfdc6,0x0001,0xfd85,0x0001,0xff79,0x0002,0xffff,0x0001,0xffde,0x0001,0xfdc8,0x0008,0xfda6,0x0005,0xfdc6,
    0x0004,0xfda6,0x0005,0xfdc6,0x0003,0xfda6,0x0005,0xfdc6,0x0012,0xfda6,0x0001,0xfdc6,0x0001,0xfd85,0x0001,0xff79,
    0x0002,0xffff,0x0001,0xffde,0x0001,0xfdc8,0x0007,0xfda6,0x0001,0xfde6,0x0001,0xf586,0x0004,0xf566,0x0003,0xfdc6,
    0x0001,0xfda6,0x0001,0xf566,0x0002,0xf586,0x0001,0xf566,0x0001,0xfd86,0x0001,0xfde6,0x0001,0xfda6,0x0001,0xfde6,
    0x0001,0xf586,0x0004,0xf566,0x0002,0xfdc6,0x0010,0xfda6,0x0001,0xfdc6,0x0001,0xfd85,0x0001,0xff79,0x0002,0xffff,
    0x0001,0xffde,0x0001,0xfdc8,0x0006,0xfda6,0x0001,0xfdc6,0x0001,0xb447,0x0001,0x4a28,0x0003,0x4a48,0x0001,0x4228,
    0x0001,0x8b88,0x0001,0xfdc6,0x0001,0xed66,0x0001,0x6ac8,0x0001,0x4a28,0x0003,0x4a48,0x0001,0x5268,0x0001,0xd4e7,
    0x0001,0xfde6,0x0001,0xb427,0x0001,0x4a28,0x0003,0x4a48,0x0001,0x4228,0x0001,0x8b88,0x0001,0xfdc6,0x0010,0xfda6,
    0x0001,0xfdc6,0x0001,0xfd85,0x0001,0xff79,0x0002,0xffff,0x0001,0xffde,0x0001,0xfdc8,0x0005,0xfda6,0x0001,0xfdc6,
    0x0001,0xf586,0x0001,0x4a28,0x0001,0x39e8,0x0001,0x3a08,0x0002,0x39e8,0x0001,0x4208,0x0001,0x29a9,0x0001,0xdd06,
    0x0001,0xac07,0x0001,0x2989,0x0001,0x4208,0x0002,0x39e8,0x0001,0x4208,0x0001,0x31a9,0x0001,0x72e8,0x0001,0xfda6,
    0x0001,0x4228,0x0001,0x39e8,0x0001,0x3a08,0x0002,0x39e8,0x0001,0x4208,0x0001,0x31c9,0x0001,0xd4c7,0x0001,0xfde6,
    0x000f,0xfda6,0x0001,0xfdc6,0x0001,0xfd85,0x0001,0xff79,0x0002,0xffff,0x0001,0xffde,0x0001,0xfdc8,0x0005,0xfda6,
    0x0001,0xfdc6,0x0001,0xf566,0x0001,0x4a48,0x0001,0x3a08,0x0004,0x4208,0x0001,0x31c9,0x0001,0xdd06,0x0001,0xac07,
    0x0001,0x31c9,0x0004,0x4208,0x0001,0x39c9,0x0001,0x7308,0x0001,0xfda6,0x0001,0x4a48,0x0001,0x3a08,0x0004,0x4208,
    0x0001,0x39e9,0x0001,0xccc7,0x0001,0xfde6,0x000f,0xfda6,0x0001,0xfdc6,0x0001,0xfd85,0x0001,0xff79,0x0002,0xffff,
    0x0001,0xffde,0x0001,0xfdc8,0x0005,0xfda6,0x0001,0xfdc6,0x0001,0xf566,0x0001,0x4a48,0x0001,0x39e8,0x0004,0x4208,
    0x0001,0x31c9,0x0001,0xdd06,0x0001,0xac07,0x0001,0x31a9,0x0004,0x4208,0x0001,0x31c9,0x0001,0x7308,0x0001,0xfda6,
    0x0001,0x4a48,0x0001,0x39e8,0x0004,0x4208,0x0001,0x39e9,0x0001,0xccc7,0x0001,0xfde6,0x000f,0xfda6,0x0001,0xfdc6,
    0x0001,0xfd85,0x0001,0xff79,0x0002,0xffff,0x0001,0xffde,0x0001,0xfdc8,0x0005,0xfda6,0x0001,0xfdc6,0x0001,0xf566,
    0x0001,0x4a48,0x0001,0x39e8,0x0004,0x4208,0x0001,0x31c9,0x0001,0xdd06,0x0001,0xac07,0x0001,0x31c9,0x0004,0x4208,
    0x0001,0x31c9,0x0001,0x7308,0x0001,0xfda6,0x0001,0x4a48,0x0001,0x39e8,0x0004,0x4208,0x0001,0x39e9,0x0001,0xccc7,
    0x0001,0xfde6,0x000f,0xfda6,0x0001,0xfdc6,0x0001,0xfd85,0x0001,0xff79,0x0002,0xffff,0x0001,0xffde,0x0001,0xfdc8,
    0x0005,0xfda6,0x0001,0xfdc6,0x0001,0xf566,0x0001,0x4228,0x0004,0x4208,0x0001,0x4228,0x0001,0x29a9,0x0001,0xdd06,
    0x0001,0xa3e7,0x0001,0x29a9,0x0001,0x4228,0x0003,0x4208,0x0001,0x31c9,0x0001,0x6ae8,0x0001,0xfda6,0x0005,0x4208,
    0x0001,0x4228,0x0001,0x31c9,0x0001,0xcca7,0x0001,0xfde6,0x000f,0xfda6,0x0001,0xfdc6,0x0001,0xfd85,0x0001,0xff79,
    0x0002,0xffff,0x0001,0xffde,0x0001,0xfdc8,0x0006,0xfda6,0x0001,0xfdc6,0x0001,0x8b88,0x0001,0x31a9,0x0003,0x39e9,
    0x0001,0x31c9,0x0001,0x62c8,0x0001,0xf5a6,0x0001,0xdd06,0x0001,0x4a28,0x0001,0x31c9,0x0003,0x39e9,0x0001,0x39c9,
    0x0001,0xb447,0x0001,0xfde6,0x0001,0x8b68,0x0001,0x29a9,0x0003,0x31c9,0x0001,0x29a9,0x0001,0x62c8,0x0001,0xf586,
    0x0001,0xfdc6,0x000f,0xfda6,0x0001,0xfdc6,0x0001,0xfd85,0x0001,0xff79,0x0002,0xffff,0x0001,0xffde,0x0001,0xfdc8,
    0x0006,0xfda6,0x0002,0xfdc6,0x0001,0xd4c7,0x0003,0xccc7,0x0001,0xcca7,0x0001,0xf586,0x0001,0xfdc6,0x0001,0xfde6,
    0x0001,0xe546,0x0001,0xcca7,0x0002,0xccc7,0x0001,0xcca7,0x0001,0xdd07,0x0001,0xfde6,0x0002,0xfdc6,0x0004,0xdd06,
    0x0001,0xdd07,0x0001,0xfda6,0x0001,0xfdc6,0x0010,0xfda6,0x0001,0xfdc6,0x0001,0xfd85,0x0001,0xff79,0x0002,0xffff,
    0x0001,0xffde,0x0001,0xfdc8,0x0008,0xfda6,0x0005,0xfde6,0x0001,0xfdc6,0x0002,0xfda6,0x0001,0xfdc6,0x0005,0xfde6,
    0x0001,0xfda6,0x0001,0xfdc6,0x0001,0xf566,0x0004,0xac07,0x0001,0xa3e7,0x0001,0xdd06,0x0001,0xfde6,0x0010,0xfda6,
    0x0001,0xfdc6,0x0001,0xfd85,0x0001,0xff79,0x0002,0xffff,0x0001,0xffde,0x0001,0xfdc8,0x0018,0xfda6,0x0001,0x6ae8,
    0x0001,0x2989,0x0001,0x31c9,0x0002,0x31a9,0x0001,0x29a9,0x0001,0x4a28,0x0001,0xe546,0x0001,0xfdc6,0x000f,0xfda6,
    0x0001,0xfdc6,0x0001,0xfd85,0x0001,0xff79,0x0002,0xffff,0x0001,0xffde,0x0001,0xfdc8,0x0016,0xfda6,0x0001,0xfdc6,
    0x0001,0xf566,0x0001,0x4a28,0x0001,0x4208,0x0001,0x4228,0x0002,0x4208,0x0001,0x4228,0x0001,0x31c9,0x0001,0xcca7,
    0x0001,0xfde6,0x000f,0xfda6,0x0001,0xfdc6,0x0001,0xfd85,0x0001,0xff79,0x0002,0xffff,0x0001,0xffde,0x0001,0xfdc8,
    0x0016,0xfda6,0x0001,0xfdc6,0x0001,0xf566,0x0001,0x4a48,0x0001,0x39e8,0x0004,0x4208,0x0001,0x39e9,0x0001,0xccc7,
    0x0001,0xfde6,0x000f,0xfda6,0x0001,0xfdc6,0x0001,0xfd85,0x0001,0xff79,0x0002,0xffff,0x0001,0xffde,0x0001,0xfdc8,
    0x0016,0xfda6,0x0001,0xfdc6,0x0001,0xf566,0x0001,0x4a48,0x0001,0x39e8,0x0004,0x4208,0x0001,0x39e9,0x0001,0xccc7,
    0x0001,0xfde6,0x000f,0xfda6,0x0001,0xfdc6,0x0001,0xfd85,0x0001,0xff79,0x0002,0xffff,0x0001,0xffde,0x0001,0xfdc8,
    0x0016,0xfda6,0x0001,0xfdc6,0x0001,0xf566,0x0001,0x4a48,0x0004,0x4208,0x0001,0x4228,0x0001,0x39e9,0x0001,0xccc7,
    0x0001,0xfde6,0x000f,0xfda6,0x0001,0xfdc6,0x0001,0xfd85,0x0001,0xff79,0x0002,0xffff,0x0001,0xffde,0x0001,0xfdc8,
    0x0016,0xfda6,0x0001,0xfdc6,0x0001,0xf586,0x0001,0x5268,0x0001,0x31a9,0x0001,0x39e9,0x0003,0x31c9,0x0001,0x39e9,
    0x0001,0xdd07,0x0001,0xfde6,0x000f,0xfda6,0x0001,0xfdc6,0x0001,0xfd85,0x0001,0xff79,0x0002,0xffff,0x0001,0xffde,
    0x0001,0xfdc8,0x0017,0xfda6,0x0001,0xfdc6,0x0001,0xd4e6,0x0001,0x6ae7,0x0001,0x72e8,0x0002,0x7308,0x0001,0x6ac8,
    0x0001,0xb447,0x0001,0xfdc6,0x0010,0xfda6,0x0001,0xfdc6,0x0001,0xfd85,0x0001,0xff79,0x0002,0xffff,0x0001,0xffde,
    0x0001,0xfdc8,0x0014,0xfda6,0x0001,0xfda5,0x0001,0xfda6,0x0001,0xfde8,0x0001,0xfdc8,0x0001,0xfde8,0x0001,0xfe08,
    0x0001,0xfde7,0x0001,0xfdc5,0x0001,0xfde6,0x0001,0xfdc5,0x0001,0xfe07,0x0001,0xfdc8,0x0003,0xfde8,0x0001,0xfda5,
    0x000c,0xfda6,0x0001,0xfdc6,0x0001,0xfd85,0x0001,0xff79,0x0002,0xffff,0x0001,0xffde,0x0001,0xfdc8,0x0014,0xfda6,
    0x0001,0xfde8,0x0001,0xff79,0x0004,0xffde,0x0001,0xffbc,0x0001,0xfe2c,0x0001,0xfd84,0x0001,0xfe90,0x0005,0xffde,
    0x0001,0xff15,0x000c,0xfda6,0x0001,0xfdc6,0x0001,0xfd85,0x0001,0xff79,0x0002,0xffff,0x0001,0xffde,0x0001,0xfdc8,
    0x0012,0xfda6,0x0001,0xfdc6,0x0001,0xfd84,0x0001,0xfed3,0x0006,0xffff,0x0001,0xff79,0x0001,0xfda6,0x0007,0xffff,
    0x0001,0xfe4c,0x0001,0xfd85,0x0001,0xfdc6,0x0009,0xfda6,0x0001,0xfdc6,0x0001,0xfd85,0x0001,0xff79,0x0002,0xffff,
    0x0001,0xffde,0x0001,0xfdc8,0x0012,0xfda6,0x0001,0xfdc6,0x0001,0xfd84,0x0001,0xfed3,0x0006,0xffff,0x0001,0xff58,
    0x0001,0xfdc7,0x0001,0xffde,0x0006,0xffff,0x0001,0xfe4d,0x0001,0xfd85,0x0001,0xfdc6,0x0009,0xfda6,0x0001,0xfdc6,
    0x0001,0xfd85,0x0001,0xff79,0x0002,0xffff,0x0001,0xffde,0x0001,0xfdc8,0x0012,0xfda6,0x0001,0xfdc6,0x0001,0xfd84,
    0x0001,0xfed3,0x0006,0xffff,0x0001,0xff59,0x0001,0xfdc7,0x0001,0xffde,0x0006,0xffff,0x0001,0xfe4d,0x0001,0xfd85,
    0x0001,0xfdc6,0x0009,0xfda6,0x0001,0xfdc6,0x0001,0xfd85,0x0001,0xff79,0x0002,0xffff,0x0001,0xffde,0x0001,0xfdc8,
    0x0012,0xfda6,0x0001,0xfdc6,0x0001,0xfd84,0x0001,0xfed3,0x0006,0xffff,0x0001,0xff58,0x0001,0xfdc7,0x0001,0xffde,
    0x0006,0xffff,0x0001,0xfe4c,0x0001,0xfd85,0x0001,0xfdc6,0x0009,0xfda6,0x0001,0xfdc6,0x0001,0xfd85,0x0001,0xff79,
    0x0002,0xffff,0x0001,0xffde,0x0001,0xfdc8,0x0012,0xfda6,0x0001,0xfdc6,0x0001,0xfd84,0x0001,0xfef4,0x0006,0xffff,
    0x0001,0xff7a,0x0001,0xfdc7,0x0007,0xffff,0x0001,0xfe4d,0x0001,0xfd85,0x0001,0xfdc6,0x0009,0xfda6,0x0001,0xfdc6,
    0x0001,0xfd85,0x0001,0xff79,0x0002,0xffff,0x0001,0xffde,0x0001,0xfdc8,0x0012,0xfda6,0x0001,0xfdc6,0x0001,0xfda5,
    0x0001,0xfe2b,0x0001,0xffde,0x0005,0xffff,0x0001,0xfe90,0x0001,0xfd84,0x0001,0xff16,0x0005,0xffff,0x0001,0xff9a,
    0x0001,0xfdc7,0x000b,0xfda6,0x0001,0xfdc6,0x0001,0xfd85,0x0001,0xff79,0x0002,0xffff,0x0001,0xffde,0x0001,0xfdc8,
    0x0013,0xfda6,0x0001,0xfdc6,0x0001,0xfda5,0x0001,0xfde8,0x0004,0xfe2b,0x0001,0xfe09,0x0001,0xfda5,0x0001,0xfda6,
    0x0001,0xfda5,0x0001,0xfe0a,0x0004,0xfe2b,0x0001,0xfdc7,0x0001,0xfda5,0x000b,0xfda6,0x0001,0xfdc6,0x0001,0xfd85,
    0x0001,0xff79,0x0002,0xffff,0x0001,0xffde,0x0001,0xfdc8,0x0014,0xfda6,0x0001,0xfda5,0x0001,0xfe6e,0x0004,0xfeb1,
    0x0001,0xfe90,0x0001,0xfda6,0x0001,0xfda5,0x0001,0xfde8,0x0005,0xfeb1,0x0001,0xfe2b,0x0001,0xfda5,0x0001,0xfdc6,
    0x000a,0xfda6,0x0001,0xfdc6,0x0001,0xfd85,0x0001,0xff79,0x0002,0xffff,0x0001,0xffde,0x0001,0xfdc8,0x0012,0xfda6,
    0x0001,0xfdc6,0x0001,0xfd85,0x0001,0xfe6e,0x0006,0xffff,0x0001,0xfef4,0x0001,0xfd85,0x0001,0xff9a,0x0005,0xffff,
    0x0001,0xffde,0x0001,0xfe09,0x0001,0xfda5,0x0001,0xfdc6,0x0009,0xfda6,0x0001,0xfdc6,0x0001,0xfd85,0x0001,0xff79,
    0x0002,0xffff,0x0001,0xffde,0x0001,0xfdc8,0x0012,0xfda6,0x0001,0xfdc6,0x0001,0xfd84,0x0001,0xfef4,0x0006,0xffff,
    0x0001,0xff79,0x0001,0xfdc7,0x0007,0xffff,0x0001,0xfe4d,0x0001,0xfd85,0x0001,0xfdc6,0x0009,0xfda6,0x0001,0xfdc6,
    0x0001,0xfd85,0x0001,0xff79,0x0002,0xffff,0x0001,0xffde,0x0001,0xfdc8,0x0012,0xfda6,0x0001,0xfdc6,0x0001,0xfd84,
    0x0001,0xfed3,0x0006,0xffff,0x0001,0xff58,0x0001,0xfdc7,0x0001,0xffde,0x0006,0xffff,0x0001,0xfe4c,0x0001,0xfd85,
    0x0001,0xfdc6,0x0009,0xfda6,0x0001,0xfdc6,0x0001,0xfd85,0x0001,0xff79,0x0002,0xffff,0x0001,0xffde,0x0001,0xfdc7,
    0x0012,0xfda6,0x0001,0xfdc6,0x0001,0xfd84,0x0001,0xfed3,0x0006,0xffff,0x0001,0xff58,0x0001,0xfdc7,0x0001,0xffde,
    0x0006,0xffff,0x0001,0xfe4c,0x0001,0xfd85,0x0001,0xfdc6,0x0009,0xfda6,0x0001,0xfdc6,0x0001,0xfd85,0x0001,0xff79,
    0x0002,0xffff,0x0001,0xffbd,0x0001,0xfda7,0x0012,0xfda6,0x0001,0xfdc6,0x0001,0xfd84,0x0001,0xfef3,0x0006,0xffff,
    0x0001,0xff79,0x0001,0xfdc7,0x0001,0xfffe,0x0006,0xffff,0x0001,0xfe4d,0x0001,0xfd85,0x0001,0xfdc6,0x0009,0xfda6,
    0x0001,0xfdc6,0x0001,0xfd64,0x0001,0xff38,0x0002,0xffff,0x0001,0xffde,0x0001,0xf587,0x0012,0xfda6,0x0001,0xfdc6,
    0x0001,0xfd84,0x0001,0xfeb1,0x0006,0xffff,0x0001,0xff37,0x0001,0xfda5,0x0001,0xffdd,0x0006,0xffff,0x0001,0xfe2b,
    0x0001,0xfda5,0x0001,0xfdc6,0x0009,0xfda6,0x0001,0xfdc6,0x0001,0xf564,0x0001,0xff59,0x0003,0xffff,0x0001,0xedcb,
    0x0001,0xfd84,0x0001,0xfdc6,0x0013,0xfda6,0x0001,0xfef4,0x0004,0xff79,0x0001,0xff37,0x0001,0xfde8,0x0001,0xfd85,
    0x0001,0xfe2c,0x0001,0xff59,0x0004,0xff79,0x0001,0xfe90,0x0001,0xfda5,0x0001,0xfdc6,0x000b,0xfda6,0x0001,0xed66,
    0x0001,0xffde,0x0003,0xffff,0x0001,0xf672,0x0001,0xf523,0x0001,0xfdc7,0x0013,0xfda6,0x0001,0xfd85,0x0004,0xfda5,
    0x0001,0xfd85,0x0001,0xfda6,0x0001,0xfdc6,0x0007,0xfda5,0x000b,0xfda6,0x0001,0xfdc7,0x0001,0xfd64,0x0001,0xedab,
    0x0004,0xffff,0x0001,0xff9b,0x0001,0xe4e3,0x0001,0xfda6,0x0001,0xfdc6,0x0012,0xfda6,0x0006,0xfdc6,0x0002,0xfda6,
    0x0007,0xfdc6,0x000b,0xfda6,0x0001,0xfdc7,0x0001,0xe4c1,0x0001,0xf6d5,0x0005,0xffff,0x0001,0xeded,0x0001,0xe4c1,
    0x0001,0xfdc7,0x0001,0xfdc6,0x002a,0xfda6,0x0001,0xfdc7,0x0001,0xed03,0x0001,0xe527,0x0006,0xffff,0x0001,0xffdd,
    0x0001,0xe526,0x0001,0xe4c2,0x0001,0xfda6,0x0001,0xfdc6,0x0027,0xfda6,0x0002,0xfdc6,0x0001,0xed24,0x0001,0xe4a1,
    0x0001,0xff59,0x0007,0xffff,0x0001,0xff5a,0x0001,0xe4e3,0x0001,0xe4c2,0x0001,0xf586,0x0003,0xfdc6,0x0021,0xfda6,
    0x0003,0xfdc6,0x0001,0xfda6,0x0001,0xed03,0x0001,0xdca1,0x0001,0xf6d4,0x0009,0xffff,0x0001,0xff5a,0x0001,0xe504,
    0x0001,0xe4a1,0x0001,0xed04,0x0001,0xf565,0x0002,0xfda6,0x0020,0xfdc6,0x0001,0xfda6,0x0001,0xf585,0x0001,0xed24,
    0x0001,0xe4a1,0x0001,0xe4a2,0x0001,0xf6d4,0x000b,0xffff,0x0001,0xffbd,0x0001,0xedaa,0x0001,0xe4a1,0x0001,0xdc80,
    0x0001,0xe4c2,0x0001,0xe4e3,0x001f,0xed04,0x0001,0xed03,0x0001,0xe4c2,0x0001,0xe481,0x0001,0xdc80,0x0001,0xe547,
    0x0001,0xff59,0x000e,0xffff,0x0001,0xff38,0x0001,0xee0d,0x0001,0xe526,0x0001,0xe4e3,0x0001,0xe4a1,0x001d,0xe4a2,
    0x0001,0xe4a1,0x0001,0xe4c2,0x0001,0xe505,0x0001,0xedcb,0x0001,0xf6d5,0x0012,0xffff,0x0001,0xffde,0x0001,0xff7a,
    0x0001,0xf717,0x001d,0xff38,0x0001,0xf717,0x0001,0xff59,0x0001,0xffde,0x000a,0xffff,
};
const icon_t icon_games = { 926, games_rle };

static const uint16_t help_rle[] = {
    0x0040,0xffff,0x0001,0xf7be,0x0001,0xef7d,0x0001,0xe75d,0x0020,0xe73d,0x0001,0xef5d,0x0001,0xf79e,0x0001,0xffdf,
    0x000f,0xffff,0x0001,0xf79e,0x0001,0xe73d,0x0003,0xe71c,0x001f,0xe71d,0x0003,0xe71c,0x0001,0xe73d,0x0001,0xef7e,
    0x000d,0xffff,0x0001,0xef5d,0x0001,0xe71c,0x0001,0xe71d,0x0026,0xe73d,0x0001,0xe71c,0x0001,0xe73d,0x0001,0xffdf,
    0x000a,0xffff,0x0001,0xef5d,0x0001,0xe71c,0x0029,0xe73d,0x0001,0xe71c,0x0001,0xe73d,0x0001,0xffdf,0x0008,0xffff,
    0x0001,0xef5d,0x0001,0xe71c,0x002b,0xe73d,0x0001,0xe71c,0x0001,0xe73d,0x0007,0xffff,0x0001,0xf79e,0x0001,0xe71c,
    0x0015,0xe73d,0x0003,0xe73c,0x0015,0xe73d,0x0001,0xe71c,0x0001,0xef7d,0x0006,0xffff,0x0013,0xe73d,0x0001,0xe73c,
    0x0002,0xe71c,0x0005,0xe73d,0x0002,0xe71c,0x0001,0xe73c,0x0012,0xe73d,0x0001,0xe71c,0x0001,0xffdf,0x0004,0xffff,
    0x0001,0xf7be,0x0001,0xe71c,0x0010,0xe73d,0x0001,0xe71c,0x0001,0xe73c,0x0001,0xe73d,0x0002,0xe73e,0x0001,0xe73d,
    0x0003,0xe71b,0x0001,0xe73c,0x0003,0xe73e,0x0001,0xe73d,0x0001,0xe71c,0x0010,0xe73d,0x0001,0xe71c,0x0001,0xef7e,
    0x0004,0xffff,0x0001,0xef7d,0x0001,0xe71c,0x000e,0xe73d,0x0001,0xe73c,0x0001,0xe71c,0x0001,0xe73e,0x0001,0xe73d,
    0x0001,0xe6f9,0x0001,0xee93,0x0001,0xf62d,0x0001,0xfe0a,0x0001,0xfdc7,0x0001,0xfdc8,0x0001,0xfdc7,0x0001,0xfdea,
    0x0001,0xf62c,0x0001,0xf671,0x0001,0xeed7,0x0001,0xe73d,0x0001,0xe73e,0x0001,0xe73d,0x0001,0xe71c,0x0010,0xe73d,
    0x0004,0xffff,0x0001,0xe75d,0x000e,0xe73d,0x0001,0xe71c,0x0001,0xe73d,0x0001,0xe73e,0x0001,0xeed7,0x0001,0xf60c,
    0x0001,0xfda6,0x0001,0xfda4,0x0002,0xfda5,0x0003,0xfda6,0x0002,0xfda5,0x0001,0xfda4,0x0001,0xfda5,0x0001,0xfdea,
    0x0001,0xee94,0x0001,0xe73d,0x0001,0xe73e,0x0001,0xe71c,0x000f,0xe73d,0x0001,0xffdf,0x0003,0xffff,0x000e,0xe73d,
    0x0001,0xe71c,0x0001,0xe73e,0x0001,0xe71b,0x0001,0xf62e,0x0002,0xfda5,0x0001,0xfda6,0x0002,0xfdc6,0x0005,0xfda6,
    0x0002,0xfdc6,0x0001,0xfda6,0x0001,0xfda5,0x0001,0xfda4,0x0001,0xfe0a,0x0001,0xeed8,0x0001,0xe73e,0x0002,0xe73c,
    0x000c,0xe73d,0x0001,0xe71c,0x0001,0xffdf,0x0003,0xffff,0x000d,0xe73d,0x0001,0xe73c,0x0001,0xe73e,0x0001,0xeed7,
    0x0001,0xfdc8,0x0001,0xfda5,0x0002,0xfdc6,0x000c,0xfda6,0x0001,0xfdc6,0x0001,0xfda5,0x0001,0xfda6,0x0001,0xee93,
    0x0001,0xe73e,0x0001,0xe73d,0x0001,0xe73c,0x000b,0xe73d,0x0001,0xe71c,0x0001,0xffdf,0x0003,0xffff,0x000c,0xe73d,
    0x0001,0xe71c,0x0001,0xe73e,0x0001,0xee94,0x0001,0xfda5,0x0001,0xfda6,0x0001,0xfdc6,0x000f,0xfda6,0x0001,0xfdc6,
    0x0001,0xfda6,0x0001,0xfd84,0x0001,0xf64f,0x0001,0xe73d,0x0001,0xe73c,0x000b,0xe73d,0x0001,0xe71c,0x0001,0xffdf,
    0x0003,0xffff,0x000b,0xe73d,0x0001,0xe71c,0x0001,0xe73e,0x0001,0xeed7,0x0001,0xfda5,0x0001,0xfda6,0x0001,0xfdc6,
    0x0012,0xfda6,0x0001,0xfdc7,0x0001,0xfd84,0x0001,0xf671,0x0001,0xe73e,0x0001,0xe71c,0x000a,0xe73d,0x0001,0xe71c,
    0x0001,0xffdf,0x0003,0xffff,0x000a,0xe73d,0x0001,0xe73c,0x0001,0xe73d,0x0001,0xe71b,0x0001,0xfdc8,0x0017,0xfda6,
    0x0001,0xfda5,0x0001,0xeed7,0x0001,0xe73e,0x0001,0xe71c,0x0009,0xe73d,0x0001,0xe71c,0x0001,0xffdf,0x0003,0xffff,
    0x000a,0xe73d,0x0001,0xe73c,0x0001,0xe73e,0x0001,0xf62e,0x0001,0xfda4,0x0001,0xfdc6,0x0009,0xfda6,0x0003,0xfde6,
    0x0009,0xfda6,0x0001,0xfdc6,0x0001,0xfda5,0x0001,0xfde9,0x0001,0xe71c,0x0001,0xe73d,0x0001,0xe73c,0x0008,0xe73d,
    0x0001,0xe71c,0x0001,0xffdf,0x0003,0xffff,0x0009,0xe73d,0x0001,0xe71c,0x0001,0xe73e,0x0001,0xeed7,0x0001,0xfda5,
    0x0009,0xfda6,0x0001,0xfde6,0x0001,0xfda6,0x0001,0xdd07,0x0001,0xd4c7,0x0001,0xdd06,0x0001,0xfda6,0x0001,0xfde6,
    0x0008,0xfda6,0x0001,0xfdc7,0x0001,0xfda4,0x0001,0xf671,0x0001,0xe73e,0x0001,0xe71c,0x0008,0xe73d,0x0001,0xe71c,
    0x0001,0xffdf,0x0003,0xffff,0x0009,0xe73d,0x0001,0xe73c,0x0001,0xe73d,0x0001,0xfe0c,0x0001,0xfda5,0x0001,0xfdc6,
    0x0007,0xfda6,0x0001,0xfdc6,0x0001,0xbc67,0x0001,0x5a88,0x0001,0x39e9,0x0001,0x31a9,0x0001,0x3a08,0x0001,0x5a88,
    0x0001,0xbc87,0x0001,0xfde6,0x0009,0xfda6,0x0001,0xfdc8,0x0001,0xe71b,0x0001,0xe73d,0x0001,0xe73c,0x0007,0xe73d,
    0x0001,0xe71c,0x0001,0xffdf,0x0003,0xffff,0x0008,0xe73d,0x0001,0xe73c,0x0001,0xe73d,0x0001,0xe6f9,0x0009,0xfda6,
    0x0001,0xfde6,0x0001,0xb427,0x0001,0x2189,0x0001,0x31c9,0x0001,0x5a88,0x0001,0x6ac8,0x0001,0x4228,0x0002,0x31c9,
    0x0001,0xcca7,0x0001,0xfde6,0x0007,0xfda6,0x0001,0xfdc6,0x0001,0xfda4,0x0001,0xee94,0x0001,0xe73e,0x0001,0xe71c,
    0x0007,0xe73d,0x0001,0xe71c,0x0001,0xffdf,0x0003,0xffff,0x0008,0xe73d,0x0001,0xe71c,0x0001,0xe73e,0x0001,0xee93,
    0x0001,0xfda4,0x0001,0xfdc6,0x0007,0xfda6,0x0001,0xfdc6,0x0001,0xed66,0x0001,0x7308,0x0001,0xac27,0x0001,0xfda6,
    0x0001,0xfdc6,0x0001,0xd4e7,0x0001,0x5248,0x0001,0x31c9,0x0001,0x8348,0x0001,0xfde6,0x0007,0xfda6,0x0001,0xfdc6,
    0x0001,0xfda5,0x0001,0xf62d,0x0001,0xe73e,0x0001,0xe73c,0x0007,0xe73d,0x0001,0xe71c,0x0001,0xffdf,0x0003,0xffff,
    0x0008,0xe73d,0x0001,0xe73c,0x0001,0xe73e,0x0001,0xf62d,0x0001,0xfda5,0x0001,0xfdc6,0x0008,0xfda6,0x0002,0xfdc6,
    0x0001,0xfde6,0x0001,0xfdc6,0x0001,0xfda6,0x0001,0xfe06,0x0001,0x7b28,0x0001,0x29a9,0x0001,0x7308,0x0001,0xfde6,
    0x0008,0xfda6,0x0001,0xfda5,0x0001,0xfde9,0x0001,0xe71c,0x0001,0xe73d,0x0001,0xe73c,0x0006,0xe73d,0x0001,0xe71c,
    0x0001,0xffdf,0x0003,0xffff,0x0008,0xe73d,0x0001,0xe73c,0x0001,0xe73d,0x0001,0xfe0a,0x0001,0xfda5,0x0001,0xfdc6,
    0x000c,0xfda6,0x0001,0xfde6,0x0001,0xe546,0x0001,0x5268,0x0001,0x29a9,0x0001,0xac07,0x0001,0xfde6,0x0009,0xfda6,
    0x0001,0xfdc7,0x0001,0xe6fa,0x0001,0xe73d,0x0001,0xe73c,0x0006,0xe73d,0x0001,0xe71c,0x0001,0xffdf,0x0003,0xffff,
    0x0007,0xe73d,0x0001,0xe73c,0x0001,0xe73d,0x0001,0xe71b,0x0001,0xfdc7,0x000d,0xfda6,0x0001,0xfde6,0x0001,0xed66,
    0x0001,0x62a8,0x0001,0x2989,0x0001,0x7308,0x0001,0xfda6,0x0001,0xfdc6,0x0009,0xfda6,0x0001,0xfda5,0x0001,0xeed7,
    0x0001,0xe73e,0x0001,0xe71c,0x0006,0xe73d,0x0001,0xe71c,0x0001,0xffdf,0x0003,0xffff,0x0007,0xe73d,0x0001,0xe73c,
    0x0001,0xe73d,0x0001,0xe71b,0x0001,0xfdc8,0x000c,0xfda6,0x0001,0xfdc6,0x0001,0xed66,0x0001,0x5a88,0x0001,0x29a9,
    0x0001,0x7b28,0x0001,0xfda6,0x0001,0xfdc6,0x000a,0xfda6,0x0001,0xfda5,0x0001,0xeed7,0x0001,0xe73e,0x0001,0xe71c,
    0x0006,0xe73d,0x0001,0xe71c,0x0001,0xffdf,0x0003,0xffff,0x0007,0xe73d,0x0001,0xe73c,0x0001,0xe73d,0x0001,0xe71b,
    0x0001,0xfdc7,0x000c,0xfda6,0x0001,0xfde6,0x0001,0x8348,0x0001,0x29a9,0x0001,0x72e8,0x0002,0xfdc6,0x000b,0xfda6,
    0x0001,0xfda5,0x0001,0xeeb7,0x0001,0xe73e,0x0001,0xe71c,0x0006,0xe73d,0x0001,0xe71c,0x0001,0xffdf,0x0003,0xffff,
    0x0009,0xe73d,0x0001,0xe71c,0x0001,0xfdea,0x0001,0xfda5,0x000a,0xfda6,0x0001,0xfdc6,0x0001,0xf586,0x0001,0x4a28,
    0x0001,0x2989,0x0001,0xc487,0x0001,0xfe06,0x000d,0xfda6,0x0001,0xe6f9,0x0001,0xe73d,0x0001,0xe73c,0x0006,0xe73d,
    0x0001,0xe71c,0x0001,0xffdf,0x0003,0xffff,0x0008,0xe73d,0x0001,0xe73c,0x0001,0xe73e,0x0001,0xf62c,0x0001,0xfda5,
    0x0001,0xfdc6,0x0009,0xfda6,0x0001,0xfdc6,0x0001,0xfda6,0x0001,0xcca7,0x0001,0xc487,0x0001,0xed66,0x0001,0xfdc6,
    0x000c,0xfda6,0x0001,0xfdc8,0x0001,0xe71c,0x0001,0xe73d,0x0001,0xe73c,0x0006,0xe73d,0x0001,0xe71c,0x0001,0xffdf,
    0x0003,0xffff,0x0008,0xe73d,0x0001,0xe71c,0x0001,0xe73e,0x0001,0xf671,0x0001,0xfda4,0x0001,0xfdc6,0x000a,0xfda6,
    0x0001,0xfdc6,0x0001,0xfde6,0x0001,0xfdc6,0x0001,0xfde6,0x000b,0xfda6,0x0001,0xfdc6,0x0001,0xfda5,0x0001,0xfe0c,
    0x0001,0xe73d,0x0001,0xe73c,0x0007,0xe73d,0x0001,0xe71c,0x0001,0xffdf,0x0003,0xffff,0x0008,0xe73d,0x0001,0xe71c,
    0x0001,0xe73e,0x0001,0xeed7,0x0001,0xfda5,0x000a,0xfda6,0x0001,0xfdc6,0x0001,0xe546,0x0001,0x62c8,0x0001,0x4228,
    0x0001,0x9bc7,0x0001,0xfdc6,0x000a,0xfda6,0x0001,0xfdc6,0x0001,0xfda4,0x0001,0xf672,0x0001,0xe73e,0x0001,0xe71c,
    0x0007,0xe73d,0x0001,0xe71c,0x0001,0xffdf,0x0003,0xffff,0x000b,0xe73d,0x0001,0xfdea,0x0001,0xfda5,0x0001,0xfdc6,
    0x0008,0xfda6,0x0001,0xfde6,0x0001,0x93a7,0x0001,0x29a9,0x0001,0x4208,0x0001,0x39e9,0x0001,0xdd06,0x0001,0xfdc6,
    0x000b,0xfda6,0x0001,0xe6f9,0x0001,0xe73d,0x0001,0xe71c,0x0007,0xe73d,0x0001,0xe71c,0x0001,0xffdf,0x0003,0xffff,
    0x0009,0xe73d,0x0001,0xe71c,0x0001,0xe73e,0x0001,0xee94,0x0001,0xfda4,0x0001,0xfdc6,0x0008,0xfda6,0x0001,0xfde6,
    0x0001,0x93a7,0x0001,0x29a9,0x0001,0x4208,0x0001,0x39e8,0x0001,0xdd06,0x0001,0xfdc6,0x0008,0xfda6,0x0001,0xfdc6,
    0x0001,0xfda4,0x0001,0xf64e,0x0001,0xe73e,0x0001,0xe71c,0x0008,0xe73d,0x0001,0xe71c,0x0001,0xffdf,0x0003,0xffff,
    0x000c,0xe73d,0x0001,0xfe0a,0x0001,0xfda5,0x0001,0xfdc6,0x0007,0xfda6,0x0001,0xfdc6,0x0001,0xed46,0x0001,0x6ac8,
    0x0001,0x4a28,0x0001,0x9bc7,0x0001,0xfdc6,0x000a,0xfda6,0x0001,0xfdc7,0x0001,0xe6fa,0x0001,0xe73d,0x0001,0xe71c,
    0x0008,0xe73d,0x0001,0xe71c,0x0001,0xffdf,0x0003,0xffff,0x000a,0xe73d,0x0001,0xe71c,0x0001,0xe73e,0x0001,0xeef8,
    0x000a,0xfda6,0x0002,0xfdc6,0x0001,0xf586,0x0001,0xfde6,0x0009,0xfda6,0x0001,0xfdc7,0x0001,0xfda4,0x0001,0xee93,
    0x0001,0xe73e,0x0001,0xe71c,0x0009,0xe73d,0x0001,0xe71c,0x0001,0xffdf,0x0003,0xffff,0x000b,0xe73d,0x0001,0xe71c,
    0x0001,0xe73e,0x0001,0xee93,0x0001,0xfd84,0x0001,0xfdc7,0x0009,0xfda6,0x0001,0xfdc6,0x0009,0xfda6,0x0001,0xfdc7,
    0x0001,0xfd84,0x0001,0xf62d,0x0001,0xe73e,0x0001,0xe73c,0x000a,0xe73d,0x0001,0xe71c,0x0001,0xffdf,0x0003,0xffff,
    0x000c,0xe73d,0x0001,0xe73c,0x0001,0xe73e,0x0001,0xf64f,0x0001,0xfd84,0x0012,0xfda6,0x0001,0xfdc7,0x0001,0xfd84,
    0x0001,0xfe0a,0x0001,0xe71c,0x0001,0xe73d,0x0001,0xe73c,0x000a,0xe73d,0x0001,0xe71c,0x0001,0xffdf,0x0003,0xffff,
    0x000c,0xe73d,0x0001,0xe73c,0x0002,0xe73d,0x0001,0xf671,0x0002,0xfda5,0x0001,0xfdc7,0x000d,0xfda6,0x0001,0xfdc6,
    0x0001,0xfda6,0x0001,0xfda4,0x0001,0xf62d,0x0001,0xe71c,0x0001,0xe73d,0x0001,0xe71c,0x000b,0xe73d,0x0001,0xe71c,
    0x0001,0xffdf,0x0003,0xffff,0x000d,0xe73d,0x0002,0xe73c,0x0001,0xe73e,0x0001,0xeed7,0x0001,0xfde9,0x0001,0xfd84,
    0x0001,0xfda6,0x0002,0xfdc6,0x0007,0xfda6,0x0002,0xfdc6,0x0001,0xfda6,0x0001,0xfda4,0x0001,0xfdc7,0x0001,0xee93,
    0x0001,0xe73e,0x0001,0xe73d,0x0001,0xe71c,0x000c,0xe73d,0x0001,0xe71c,0x0001,0xffdf,0x0003,0xffff,0x000f,0xe73d,
    0x0001,0xe71c,0x0001,0xe73e,0x0001,0xe71c,0x0001,0xf671,0x0001,0xfdc8,0x0001,0xfda4,0x0002,0xfda5,0x0003,0xfda6,
    0x0001,0xfdc6,0x0002,0xfda6,0x0001,0xfda5,0x0001,0xfda4,0x0001,0xfda6,0x0001,0xf64e,0x0001,0xe6fa,0x0001,0xe73e,
    0x0002,0xe73c,0x000d,0xe73d,0x0001,0xe71c,0x0001,0xffdf,0x0003,0xffff,0x0010,0xe73d,0x0001,0xe71c,0x0001,0xe73d,
    0x0001,0xe73e,0x0001,0xe71b,0x0001,0xee94,0x0001,0xf62d,0x0001,0xfde9,0x0001,0xfdc7,0x0003,0xfda5,0x0001,0xfda6,
    0x0001,0xfdc8,0x0001,0xf60c,0x0001,0xee72,0x0001,0xe6f9,0x0001,0xe73e,0x0001,0xe73d,0x0001,0xe71c,0x000f,0xe73d,
    0x0001,0xe71c,0x0001,0xffdf,0x0003,0xffff,0x0011,0xe73d,0x0001,0xe73c,0x0001,0xe71c,0x0001,0xe73d,0x0002,0xe73e,
    0x0001,0xe71c,0x0001,0xe6fa,0x0002,0xeed7,0x0001,0xeed6,0x0001,0xe6f9,0x0001,0xe71c,0x0001,0xe73d,0x0001,0xe73e,
    0x0001,0xe73d,0x0001,0xe71c,0x0001,0xe73c,0x0010,0xe73d,0x0001,0xe71c,0x0001,0xffdf,0x0003,0xffff,0x0013,0xe73d,
    0x0003,0xe71c,0x0002,0xe73d,0x0003,0xe73e,0x0002,0xe73d,0x0003,0xe71c,0x0012,0xe73d,0x0001,0xe71c,0x0001,0xffdf,
    0x0003,0xffff,0x0018,0xe73d,0x0003,0xe73c,0x0017,0xe73d,0x0001,0xe71c,0x0001,0xffdf,0x0003,0xffff,0x0010,0xe73d,
    0x0013,0xdefc,0x000f,0xe73d,0x0001,0xe71c,0x0001,0xf7bf,0x0002,0xffff,0x0001,0xffdf,0x0001,0xdefc,0x000e,0xe73d,
    0x0001,0xb5b7,0x0001,0x9cf4,0x0001,0x9d15,0x000f,0x9d14,0x0001,0x9d15,0x0001,0x9cf4,0x0001,0xa556,0x0001,0xdefc,
    0x000d,0xe73d,0x0001,0xdefc,0x0001,0xf79e,0x0002,0xffff,0x0001,0xffdf,0x0001,0xdedb,0x000d,0xe73d,0x0001,0xdefc,
    0x0001,0x94d4,0x0001,0x8c93,0x0012,0x94b3,0x0001,0x8c93,0x0001,0xce9a,0x0001,0xe75d,0x0001,0xe71c,0x000b,0xe73d,
    0x0001,0xdedb,0x0001,0xf79e,0x0003,0xffff,0x0001,0xdedb,0x0001,0xdf1c,0x000b,0xe73d,0x0001,0xe71c,0x0001,0xe73d,
    0x0001,0xc639,0x0001,0xa556,0x0011,0xad76,0x0001,0xad56,0x0001,0xb5d7,0x0001,0xe71c,0x000d,0xe73d,0x0001,0xd6bb,
    0x0001,0xffdf,0x0003,0xffff,0x0001,0xe71c,0x0001,0xd6bb,0x000d,0xe73d,0x0001,0xe75d,0x0013,0xe73d,0x0001,0xe75d,
    0x000d,0xe73d,0x0001,0xdefc,0x0001,0xd6db,0x0004,0xffff,0x0001,0xf7be,0x0001,0xc659,0x0001,0xdf1c,0x000c,0xe73d,
    0x0015,0xe71c,0x000d,0xe73d,0x0001,0xce59,0x0001,0xef5d,0x0005,0xffff,0x0001,0xdedb,0x0001,0xc659,0x002d,0xe73d,
    0x0001,0xce9a,0x0001,0xce7a,0x0006,0xffff,0x0001,0xffdf,0x0001,0xce7a,0x0001,0xce59,0x0001,0xe71c,0x002a,0xe73d,
    0x0001,0xd69a,0x0001,0xc639,0x0001,0xf7be,0x0007,0xffff,0x0001,0xf7be,0x0002,0xc659,0x0001,0xdefc,0x0027,0xe73d,
    0x0001,0xdf1c,0x0001,0xce7a,0x0001,0xc618,0x0001,0xef5d,0x0009,0xffff,0x0001,0xf7be,0x0001,0xce59,0x0001,0xc639,
    0x0001,0xce9a,0x0001,0xdedb,0x0001,0xdf1c,0x0021,0xe73d,0x0001,0xe71c,0x0001,0xdefc,0x0001,0xd69a,0x0002,0xc639,
    0x0001,0xef5d,0x000b,0xffff,0x0001,0xffdf,0x0001,0xd6bb,0x0001,0xc639,0x0001,0xc618,0x0001,0xc639,0x0001,0xce7a,
    0x0001,0xce9a,0x001d,0xce7a,0x0001,0xce9a,0x0001,0xce7a,0x0001,0xc659,0x0001,0xc619,0x0001,0xc618,0x0001,0xce9a,
    0x0001,0xf79e,0x000e,0xffff,0x0001,0xf79e,0x0001,0xdefb,0x0001,0xce7a,0x0001,0xc659,0x0020,0xc639,0x0001,0xce7a,
    0x0001,0xd6db,0x0001,0xef5d,0x0013,0xffff,0x0001,0xf7be,0x0001,0xef9e,0x001d,0xf79e,0x0001,0xef9e,0x0001,0xf79e,
    0x000b,0xffff,
};
const icon_t icon_help = { 897, help_rle };

static const uint16_t settings_rle[] = {
    0x000c,0xffff,0x001f,0xf79e,0x0001,0xffdf,0x0013,0xffff,0x0001,0xf79e,0x0001,0xbdf8,0x0001,0x8452,0x0001,0x6b8f,
    0x0001,0x5aed,0x001d,0x5b0d,0x0001,0x5aed,0x0001,0x634e,0x0001,0x7c11,0x0001,0xad76,0x0001,0xe73c,0x000f,0xffff,
    0x0001,0xa555,0x0001,0x5aec,0x0001,0x422a,0x0001,0x424a,0x0001,0x426b,0x0001,0x4a8b,0x001d,0x4a6b,0x0001,0x4a8b,
    0x0001,0x4a6b,0x0001,0x424a,0x0001,0x422a,0x0001,0x4a8b,0x0001,0x8c93,0x0001,0xf79e,0x000b,0xffff,0x0001,0xf7be,
    0x0001,0x7c11,0x0001,0x422a,0x0001,0x4a8b,0x0002,0x52ac,0x0021,0x4aab,0x0002,0x52ac,0x0001,0x4a8b,0x0001,0x422a,
    0x0001,0x632e,0x0001,0xdefb,0x0009,0xffff,0x0001,0xf79e,0x0001,0x73af,0x0001,0x422a,0x0001,0x52ac,0x0001,0x4aab,
    0x0026,0x4a8b,0x0001,0x52ac,0x0001,0x424a,0x0001,0x52cc,0x0001,0xdefb,0x0008,0xffff,0x0001,0x7c11,0x0001,0x422a,
    0x0001,0x52cc,0x0029,0x4a8b,0x0001,0x52ac,0x0001,0x426b,0x0001,0x5aed,0x0001,0xef7e,0x0006,0xffff,0x0001,0xad76,
    0x0001,0x422a,0x0001,0x52ac,0x002b,0x4a8b,0x0001,0x52ac,0x0001,0x424a,0x0001,0x7c11,0x0005,0xffff,0x0001,0xf79e,
    0x0001,0x5aed,0x0001,0x4a8b,0x0001,0x4aab,0x002c,0x4a8b,0x0001,0x52ac,0x0001,0x424a,0x0001,0xd69a,0x0004,0xffff,
    0x0001,0xbdf8,0x0001,0x422a,0x0001,0x52ac,0x002d,0x4a8b,0x0001,0x52ac,0x0001,0x424a,0x0001,0x8c93,0x0004,0xffff,
    0x0001,0x8452,0x0001,0x424a,0x0001,0x52ac,0x0019,0x4a8b,0x0001,0x52ab,0x0003,0x4a8b,0x0001,0x52ab,0x000f,0x4a8b,
    0x0001,0x4aab,0x0001,0x4a6b,0x0001,0x632d,0x0001,0xffdf,0x0002,0xffff,0x0001,0xffdf,0x0001,0x6b6e,0x0001,0x4a6b,
    0x0001,0x4aab,0x0019,0x4a8b,0x0001,0x426c,0x0001,0x52ab,0x0001,0x5acb,0x0001,0x4a8b,0x0001,0x426c,0x0001,0x4aab,
    0x0011,0x4a8b,0x0001,0xe71c,0x0002,0xffff,0x0001,0xf79e,0x0001,0x52cc,0x0001,0x4a8b,0x0001,0x4aab,0x0019,0x4a8b,
    0x0001,0xa409,0x0001,0xe547,0x0001,0xf586,0x0001,0xd507,0x0001,0x8baa,0x0001,0x426b,0x0001,0x4aab,0x000e,0x4a8b,
    0x0001,0x52ac,0x0001,0x424a,0x0001,0xd69a,0x0002,0xffff,0x0001,0xf7be,0x0001,0x5aed,0x0001,0x4a8b,0x0001,0x4aab,
    0x0006,0x4a8b,0x0010,0x4aab,0x0001,0x52ab,0x0001,0x4a8b,0x0001,0xccc8,0x0001,0xfe06,0x0003,0xfdc6,0x0001,0xfe06,
    0x0001,0xa409,0x0001,0x426c,0x0001,0x52ab,0x0006,0x4aab,0x0007,0x4a8b,0x0001,0x52ac,0x0001,0x424a,0x0001,0xd6ba,
    0x0002,0xffff,0x0001,0xf7be,0x0001,0x5aed,0x0001,0x4a8b,0x0001,0x4aab,0x0006,0x4a8b,0x0010,0x4a6b,0x0001,0x3a2b,
    0x0001,0x8ba9,0x0001,0xfe06,0x0005,0xfda6,0x0001,0xfdc6,0x0001,0x62ea,0x0001,0x424b,0x0006,0x4a6b,0x0007,0x4a8b,
    0x0001,0x52ac,0x0001,0x424a,0x0001,0xd6ba,0x0002,0xffff,0x0001,0xf7be,0x0001,0x5aed,0x0001,0x4a8b,0x0001,0x4aab,
    0x0005,0x4a8b,0x0001,0x52cc,0x0001,0x9cf5,0x000f,0xa535,0x0001,0x9d16,0x0001,0xdd6a,0x0001,0xfdc5,0x0005,0xfda6,
    0x0001,0xfdc5,0x0001,0xc54e,0x0001,0x9d36,0x0004,0xa535,0x0001,0x9d35,0x0001,0xa556,0x0001,0x634e,0x0001,0x4a6b,
    0x0001,0x4aab,0x0004,0x4a8b,0x0001,0x52ac,0x0001,0x424a,0x0001,0xd6ba,0x0002,0xffff,0x0001,0xf7be,0x0001,0x5aed,
    0x0001,0x4a8b,0x0001,0x4aab,0x0005,0x4a8b,0x0001,0x52cc,0x0001,0xc639,0x000f,0xce7a,0x0001,0xc67b,0x0001,0xf60c,
    0x0001,0xfda5,0x0005,0xfda6,0x0001,0xfda5,0x0001,0xee30,0x0001,0xc67c,0x0005,0xce7a,0x0001,0xce9b,0x0001,0x6b8f,
    0x0001,0x426a,0x0001,0x4aab,0x0004,0x4a8b,0x0001,0x52ac,0x0001,0x424a,0x0001,0xd6ba,0x0002,0xffff,0x0001,0xf7be,
    0x0001,0x5aed,0x0001,0x4a8b,0x0001,0x4aab,0x0005,0x4a8b,0x0001,0x52ac,0x0001,0x6b6e,0x000e,0x6b6f,0x0001,0x6b6e,
    0x0001,0x5b4f,0x0001,0xac6a,0x0001,0xfde5,0x0005,0xfda6,0x0001,0xfdc6,0x0001,0x8bec,0x0001,0x634f,0x0001,0x6b6e,
    0x0005,0x6b6f,0x0001,0x52cc,0x0006,0x4a8b,0x0001,0x52ac,0x0001,0x424a,0x0001,0xd6ba,0x0002,0xffff,0x0001,0xf7be,
    0x0001,0x5aed,0x0001,0x4a8b,0x0001,0x4aab,0x0006,0x4a8b,0x0010,0x4a6b,0x0001,0x426b,0x0001,0x52ab,0x0001,0xed47,
    0x0001,0xfde6,0x0003,0xfda6,0x0001,0xfe05,0x0001,0xc4a8,0x0001,0x424b,0x0001,0x4a6a,0x0006,0x4a6b,0x0007,0x4a8b,
    0x0001,0x52ac,0x0001,0x424a,0x0001,0xd6ba,0x0002,0xffff,0x0001,0xf7be,0x0001,0x5aed,0x0001,0x4a8b,0x0001,0x4aab,
    0x0006,0x4a8b,0x0010,0x4aab,0x0001,0x52ab,0x0001,0x4a8c,0x0001,0x62eb,0x0001,0xcce8,0x0001,0xfdc6,0x0001,0xfde6,
    0x0001,0xf5a6,0x0001,0xb468,0x0001,0x52ab,0x0001,0x4a8b,0x0001,0x52ab,0x0006,0x4aab,0x0007,0x4a8b,0x0001,0x52ac,
    0x0001,0x424a,0x0001,0xd6ba,0x0002,0xffff,0x0001,0xf7be,0x0001,0x5aed,0x0001,0x4a8b,0x0001,0x4aab,0x0017,0x4a8b,
    0x0001,0x52ab,0x0001,0x4a8b,0x0001,0x426c,0x0001,0x6b2a,0x0001,0x7b6a,0x0001,0x62eb,0x0001,0x426c,0x0001,0x4a8b,
    0x0001,0x4aab,0x000e,0x4a8b,0x0001,0x52ac,0x0001,0x424a,0x0001,0xd6ba,0x0002,0xffff,0x0001,0xf7be,0x0001,0x5aed,
    0x0001,0x4a8b,0x0001,0x4aab,0x000d,0x4a8b,0x0002,0x52ab,0x0002,0x4a8b,0x0001,0x52ab,0x0001,0x4aab,0x0005,0x4a8b,
    0x0001,0x52ab,0x0001,0x4aab,0x0001,0x4a6c,0x0001,0x426c,0x0001,0x4a8b,0x0001,0x52ab,0x0010,0x4a8b,0x0001,0x52ac,
    0x0001,0x424a,0x0001,0xd6ba,0x0002,0xffff,0x0001,0xf7be,0x0001,0x5aed,0x0001,0x4a8b,0x0001,0x4aab,0x000c,0x4a8b,
    0x0001,0x52ab,0x0002,0x426c,0x0001,0x5acb,0x0001,0x52ab,0x0001,0x426c,0x0001,0x4a8b,0x0001,0x4aab,0x0006,0x4a8b,
    0x0001,0x4aab,0x0001,0x52ab,0x0001,0x4aab,0x0011,0x4a8b,0x0001,0x52ac,0x0001,0x424a,0x0001,0xd6ba,0x0002,0xffff,
    0x0001,0xf7be,0x0001,0x5aed,0x0001,0x4a8b,0x0001,0x4aab,0x000b,0x4a8b,0x0001,0x52ab,0x0001,0x426c,0x0001,0x732a,
    0x0001,0xccc8,0x0001,0xf586,0x0001,0xed67,0x0001,0xbc88,0x0001,0x5acb,0x0001,0x4a8b,0x0001,0x52ab,0x0019,0x4a8b,
    0x0001,0x52ac,0x0001,0x424a,0x0001,0xd6ba,0x0002,0xffff,0x0001,0xf7be,0x0001,0x5aed,0x0001,0x4a8b,0x0001,0x4aab,
    0x0006,0x4a8b,0x0004,0x4aab,0x0001,0x52ab,0x0001,0x426c,0x0001,0x7b6a,0x0001,0xfdc6,0x0001,0xfde6,0x0002,0xfdc6,
    0x0001,0xfe06,0x0001,0xed67,0x0001,0x5acb,0x0001,0x4a8c,0x0001,0x52ab,0x0011,0x4aab,0x0007,0x4a8b,0x0001,0x52ac,
    0x0001,0x424a,0x0001,0xd6ba,0x0002,0xffff,0x0001,0xf7be,0x0001,0x5aed,0x0001,0x4a8b,0x0001,0x4aab,0x0006,0x4a8b,
    0x0006,0x4a6b,0x0001,0xe547,0x0001,0xfde6,0x0004,0xfda6,0x0001,0xfe06,0x0001,0xbc88,0x0001,0x3a2b,0x0012,0x4a6b,
    0x0007,0x4a8b,0x0001,0x52ac,0x0001,0x424a,0x0001,0xd6ba,0x0002,0xffff,0x0001,0xf7be,0x0001,0x5aed,0x0001,0x4a8b,
    0x0001,0x4aab,0x0005,0x4a8b,0x0001,0x52cc,0x0001,0x9cf5,0x0003,0xa535,0x0001,0x9d36,0x0001,0xb531,0x0001,0xfda5,
    0x0005,0xfda6,0x0001,0xfdc6,0x0001,0xf587,0x0001,0xa514,0x0001,0xa536,0x000f,0xa535,0x0001,0x9d35,0x0001,0xa556,
    0x0001,0x634e,0x0001,0x4a6b,0x0001,0x4aab,0x0004,0x4a8b,0x0001,0x52ac,0x0001,0x424a,0x0001,0xd6ba,0x0002,0xffff,
    0x0001,0xf7be,0x0001,0x5aed,0x0001,0x4a8b,0x0001,0x4aab,0x0005,0x4a8b,0x0001,0x52cc,0x0001,0xc639,0x0003,0xce7a,
    0x0001,0xc67b,0x0001,0xde55,0x0001,0xfdc5,0x0006,0xfda6,0x0001,0xfdc8,0x0001,0xce79,0x0001,0xce7b,0x0010,0xce7a,
    0x0001,0xce9b,0x0001,0x6b8f,0x0001,0x426a,0x0001,0x4aab,0x0004,0x4a8b,0x0001,0x52ac,0x0001,0x424a,0x0001,0xd6ba,
    0x0002,0xffff,0x0001,0xf7be,0x0001,0x5aed,0x0001,0x4a8b,0x0001,0x4aab,0x0005,0x4a8b,0x0001,0x52ac,0x0001,0x6b6e,
    0x0004,0x6b6f,0x0001,0x6b6e,0x0001,0xf587,0x0001,0xfdc6,0x0004,0xfda6,0x0001,0xfde6,0x0001,0xd508,0x0001,0x634f,
    0x0012,0x6b6f,0x0001,0x52cc,0x0006,0x4a8b,0x0001,0x52ac,0x0001,0x424a,0x0001,0xd6ba,0x0002,0xffff,0x0001,0xf7be,
    0x0001,0x5aed,0x0001,0x4a8b,0x0001,0x4aab,0x0006,0x4a8b,0x0004,0x4a6b,0x0001,0x4a6a,0x0001,0x3a2b,0x0001,0x9be9,
    0x0001,0xfe06,0x0001,0xfdc6,0x0002,0xfda6,0x0001,0xfde6,0x0001,0xfdc6,0x0001,0x732a,0x0001,0x424b,0x0012,0x4a6b,
    0x0007,0x4a8b,0x0001,0x52ac,0x0001,0x424a,0x0001,0xd6ba,0x0002,0xffff,0x0001,0xf7be,0x0001,0x5aed,0x0001,0x4a8b,
    0x0001,0x4aab,0x0006,0x4a8b,0x0004,0x4aab,0x0001,0x52ab,0x0001,0x4aab,0x0001,0x4a8b,0x0001,0x9be9,0x0001,0xed86,
    0x0002,0xfdc6,0x0001,0xdd47,0x0001,0x7b6a,0x0001,0x426c,0x0001,0x52ab,0x0012,0x4aab,0x0007,0x4a8b,0x0001,0x52ac,
    0x0001,0x424a,0x0001,0xd6ba,0x0002,0xffff,0x0001,0xf7be,0x0001,0x5aed,0x0001,0x4a8b,0x0001,0x4aab,0x000d,0x4a8b,
    0x0001,0x426c,0x0001,0x52ab,0x0001,0x7b6a,0x0001,0x734a,0x0001,0x4a8b,0x0001,0x426c,0x0001,0x52ab,0x001a,0x4a8b,
    0x0001,0x52ac,0x0001,0x424a,0x0001,0xd6ba,0x0002,0xffff,0x0001,0xf7be,0x0001,0x5aed,0x0001,0x4a8b,0x0001,0x4aab,
    0x000d,0x4a8b,0x0001,0x52ab,0x0001,0x4a8b,0x0002,0x426c,0x0001,0x4a8b,0x0001,0x52ab,0x0002,0x4a8b,0x0001,0x4aab,
    0x0001,0x52ab,0x0002,0x4a8b,0x0002,0x52ab,0x0013,0x4a8b,0x0001,0x52ac,0x0001,0x424a,0x0001,0xd6ba,0x0002,0xffff,
    0x0001,0xf7be,0x0001,0x5aed,0x0001,0x4a8b,0x0001,0x4aab,0x000f,0x4a8b,0x0002,0x52ab,0x0003,0x4a8b,0x0001,0x4aab,
    0x0001,0x4a8b,0x0001,0x426c,0x0001,0x52ab,0x0001,0x5acb,0x0002,0x426c,0x0001,0x52ab,0x0012,0x4a8b,0x0001,0x52ac,
    0x0001,0x424a,0x0001,0xd6ba,0x0002,0xffff,0x0001,0xf7be,0x0001,0x5aed,0x0001,0x4a8b,0x0001,0x4aab,0x0013,0x4a8b,
    0x0001,0x52ab,0x0001,0x4a8b,0x0001,0x5acb,0x0001,0xbc88,0x0001,0xed67,0x0001,0xf586,0x0001,0xccc8,0x0001,0x732a,
    0x0001,0x426c,0x0001,0x52ab,0x0011,0x4a8b,0x0001,0x52ac,0x0001,0x424a,0x0001,0xd6ba,0x0002,0xffff,0x0001,0xf7be,
    0x0001,0x5aed,0x0001,0x4a8b,0x0001,0x4aab,0x0006,0x4a8b,0x000c,0x4aab,0x0001,0x52ab,0x0001,0x4a8c,0x0001,0x5acb,
    0x0001,0xed67,0x0001,0xfe06,0x0002,0xfdc6,0x0001,0xfde6,0x0001,0xfdc6,0x0001,0x7b6a,0x0001,0x426c,0x0001,0x52ab,
    0x0009,0x4aab,0x0007,0x4a8b,0x0001,0x52ac,0x0001,0x424a,0x0001,0xd6ba,0x0002,0xffff,0x0001,0xf7be,0x0001,0x5aed,
    0x0001,0x4a8b,0x0001,0x4aab,0x0006,0x4a8b,0x000d,0x4a6b,0x0001,0x3a2b,0x0001,0xbc88,0x0001,0xfe06,0x0004,0xfda6,
    0x0001,0xfde6,0x0001,0xe547,0x000b,0x4a6b,0x0007,0x4a8b,0x0001,0x52ac,0x0001,0x424a,0x0001,0xd6ba,0x0002,0xffff,
    0x0001,0xf7be,0x0001,0x5aed,0x0001,0x4a8b,0x0001,0x4aab,0x0005,0x4a8b,0x0001,0x52cc,0x0001,0x9cf5,0x000b,0xa535,
    0x0001,0xa536,0x0001,0xa514,0x0001,0xf587,0x0001,0xfdc6,0x0005,0xfda6,0x0001,0xfda5,0x0001,0xb531,0x0001,0x9d36,
    0x0007,0xa535,0x0001,0x9d35,0x0001,0xa556,0x0001,0x634e,0x0001,0x4a6b,0x0001,0x4aab,0x0004,0x4a8b,0x0001,0x52ac,
    0x0001,0x424a,0x0001,0xd6ba,0x0002,0xffff,0x0001,0xf7be,0x0001,0x5aed,0x0001,0x4a8b,0x0001,0x4aab,0x0005,0x4a8b,
    0x0001,0x52cc,0x0001,0xc639,0x000b,0xce7a,0x0001,0xce7b,0x0001,0xce79,0x0001,0xfdc8,0x0006,0xfda6,0x0001,0xfdc5,
    0x0001,0xde55,0x0001,0xc67b,0x0008,0xce7a,0x0001,0xce9b,0x0001,0x6b8f,0x0001,0x426a,0x0001,0x4aab,0x0004,0x4a8b,
    0x0001,0x52ac,0x0001,0x424a,0x0001,0xd6ba,0x0002,0xffff,0x0001,0xf7be,0x0001,0x5aed,0x0001,0x4a8b,0x0001,0x4aab,
    0x0005,0x4a8b,0x0001,0x52ac,0x0001,0x6b6e,0x000c,0x6b6f,0x0001,0x634f,0x0001,0xd508,0x0001,0xfde6,0x0004,0xfda6,
    0x0001,0xfdc6,0x0001,0xf587,0x0001,0x6b6e,0x000a,0x6b6f,0x0001,0x52cc,0x0006,0x4a8b,0x0001,0x52ac,0x0001,0x424a,
    0x0001,0xd6ba,0x0002,0xffff,0x0001,0xf7be,0x0001,0x5aed,0x0001,0x4a8b,0x0001,0x4aab,0x0006,0x4a8b,0x000d,0x4a6b,
    0x0001,0x424b,0x0001,0x732a,0x0001,0xfdc6,0x0001,0xfde6,0x0002,0xfda6,0x0001,0xfdc6,0x0001,0xfe06,0x0001,0x9be9,
    0x0001,0x3a2b,0x0001,0x4a6a,0x0009,0x4a6b,0x0007,0x4a8b,0x0001,0x52ac,0x0001,0x424a,0x0001,0xd6ba,0x0002,0xffff,
    0x0001,0xf7be,0x0001,0x5aed,0x0001,0x4a8b,0x0001,0x4aab,0x0006,0x4a8b,0x000d,0x4aab,0x0001,0x52ab,0x0001,0x426c,
    0x0001,0x7b6a,0x0001,0xdd47,0x0002,0xfdc6,0x0001,0xed86,0x0001,0x9be9,0x0001,0x4a8b,0x0001,0x4aab,0x0001,0x52ab,
    0x0009,0x4aab,0x0007,0x4a8b,0x0001,0x52ac,0x0001,0x424a,0x0001,0xd6ba,0x0002,0xffff,0x0001,0xf7be,0x0001,0x5aed,
    0x0001,0x4a8b,0x0001,0x4aab,0x0014,0x4a8b,0x0001,0x52ab,0x0001,0x426c,0x0001,0x4a8b,0x0001,0x734a,0x0001,0x7b6a,
    0x0001,0x52ab,0x0001,0x426c,0x0013,0x4a8b,0x0001,0x52ac,0x0001,0x424a,0x0001,0xd6ba,0x0002,0xffff,0x0001,0xf7be,
    0x0001,0x5aed,0x0001,0x4a8b,0x0001,0x4aab,0x0015,0x4a8b,0x0001,0x52ab,0x0001,0x4a8b,0x0002,0x426c,0x0001,0x4a8b,
    0x0001,0x52ab,0x0013,0x4a8b,0x0001,0x52ac,0x0001,0x424a,0x0001,0xd6ba,0x0002,0xffff,0x0001,0xf79e,0x0001,0x5aec,
    0x0001,0x4a8b,0x0001,0x4aab,0x0017,0x4a8b,0x0002,0x52ab,0x0015,0x4a8b,0x0001,0x52ac,0x0001,0x424a,0x0001,0xd69a,
    0x0002,0xffff,0x0001,0xf79e,0x0001,0x52ac,0x0001,0x4a8b,0x0001,0x4aab,0x002e,0x4a8b,0x0001,0x52ac,0x0001,0x422a,
    0x0001,0xce79,0x0002,0xffff,0x0001,0xf7be,0x0001,0x52cc,0x0030,0x4a8b,0x0001,0x52ac,0x0001,0x422a,0x0001,0xd6ba,
    0x0003,0xffff,0x0001,0x6b8f,0x0001,0x422a,0x0001,0x52ac,0x002f,0x4a8b,0x0001,0x4a6b,0x0001,0xf79e,0x0001,0xffff,
    0x0001,0xffdf,0x0001,0xffff,0x0001,0x9cf4,0x0001,0x31c8,0x0001,0x52cc,0x002d,0x4a8b,0x0001,0x52ac,0x0001,0x3a29,
    0x0001,0x6b6f,0x0004,0xffff,0x0001,0xe71c,0x0001,0x31c8,0x0001,0x4a8b,0x0001,0x52ac,0x002c,0x4a8b,0x0001,0x52cc,
    0x0001,0x2987,0x0001,0xb5b7,0x0001,0xffff,0x0001,0xffdf,0x0003,0xffff,0x0001,0x7c11,0x0001,0x2167,0x0001,0x52ac,
    0x0001,0x4aab,0x002a,0x4a8b,0x0001,0x52ac,0x0001,0x31c8,0x0001,0x4a8b,0x0001,0xffdf,0x0005,0xffff,0x0001,0xf79e,
    0x0001,0x4a6a,0x0001,0x2987,0x0002,0x52ac,0x0027,0x4a8b,0x0001,0x4aab,0x0001,0x52ac,0x0001,0x3a09,0x0001,0x2967,
    0x0001,0xd6ba,0x0007,0xffff,0x0001,0xd6bb,0x0001,0x39e8,0x0001,0x2987,0x0001,0x4a6b,0x0001,0x4aab,0x0001,0x52ac,
    0x0001,0x4aab,0x0021,0x4a8b,0x0001,0x4aab,0x0002,0x52ac,0x0001,0x4a8b,0x0001,0x31e8,0x0001,0x2146,0x0001,0xb596,
    0x0009,0xffff,0x0001,0xd6bb,0x0001,0x3a29,0x0001,0x2146,0x0001,0x3a09,0x0001,0x426a,0x0001,0x4a8b,0x0001,0x4aab,
    0x0001,0x52ac,0x001d,0x4aab,0x0001,0x52ac,0x0001,0x4aab,0x0001,0x4a8b,0x0001,0x4a6b,0x0001,0x4229,0x0001,0x2967,
    0x0001,0x2987,0x0001,0xad96,0x000b,0xffff,0x0001,0xef7d,0x0001,0x6b6e,0x0001,0x2146,0x0001,0x2126,0x0001,0x2987,
    0x0001,0x31c8,0x0001,0x3a09,0x001d,0x39e9,0x0001,0x3a09,0x0001,0x39e9,0x0001,0x29a7,0x0001,0x2146,0x0001,0x2126,
    0x0001,0x4a8b,0x0001,0xd69a,0x000e,0xffff,0x0001,0xc659,0x0001,0x7c11,0x0001,0x4a6b,0x0001,0x31c8,0x0001,0x2967,
    0x001d,0x2987,0x0001,0x2967,0x0001,0x31a8,0x0001,0x422a,0x0001,0x738f,0x0001,0xb5b7,0x0001,0xffdf,0x0011,0xffff,
    0x0001,0xf7be,0x0001,0xdefb,0x0001,0xc639,0x0001,0xce59,0x001b,0xc659,0x0001,0xce59,0x0001,0xc639,0x0001,0xd69a,
    0x0001,0xf79e,0x000a,0xffff,
};
const icon_t icon_settings = { 946, settings_rle };

